Evidenz_ID;Quellbereich;Relativer_Pfad;Dateiname;Erweiterung;Groesse_Byte;Aenderungszeit_UTC;Attribute;SHA256;Signatur;Partnerdatei;Kategorie;Moegliche_Relevanz;Pruefergebnis;Offene_Frage
SRC-DAT-0001;EDW3DAT;02\EDWFRM01.DOT;EDWFRM01.DOT;DOT;37376;2002-01-30T09:14:16Z;Archive;acfb347bf14fad29a17721fdc0b1395ffab51491a94b5a3f8b429a9229d6d48e;OLE-Compound-Document;;Vorlage;"Dokument- oder Formularvorlage; nur statisch untersucht.";"Metadaten, SHA-256 und Header statisch erfasst; nicht ausgefuehrt.";Welcher Ausloeser und welche aktuelle Dokumentvariante gelten?
SRC-DAT-0002;EDW3DAT;02\EDWFRM03.DOT;EDWFRM03.DOT;DOT;43008;2003-10-29T11:00:34Z;Archive;6decf819da8e197efda41982e5d40dcdbee9c2de692dc3bca20884a0407e4591;OLE-Compound-Document;;Vorlage;"Dokument- oder Formularvorlage; nur statisch untersucht.";"Metadaten, SHA-256 und Header statisch erfasst; nicht ausgefuehrt.";Welcher Ausloeser und welche aktuelle Dokumentvariante gelten?
SRC-DAT-0003;EDW3DAT;AUSWAHL.INI;AUSWAHL.INI;INI;1260;2005-06-30T12:06:14Z;Archive;ce6c1b2dcdaec77446b73b518da3fcb4ec56e13af6236f83fcb99d4516ba981d;Text/ASCII- oder ANSI-nah;;Konfiguration;"Betriebs-, Funktions- oder Drucksteuerung; Werte werden nicht offengelegt.";"Metadaten, SHA-256 und Header statisch erfasst; nicht ausgefuehrt.";"Welche Schluessel sind produktiv relevant; welche Werte duerfen spaeter migriert werden?"
SRC-DAT-0004;EDW3DAT;buch.dat;buch.dat;DAT;18055324;2026-07-28T12:34:44.845651Z;Archive;9e620c569b763ef11b984d67a9d46b274586f7a91d6280f38989d501f85f7070;unbekanntes Binaerformat;buch.idx;Daten;"Moeglicher fachlicher Datenbestand; Inhalte wurden nicht exportiert.";"Metadaten, SHA-256 und Header erfasst; keine Datensaetze exportiert, kein Index geoeffnet oder repariert.";Welche fachliche Bedeutung, Schluessel und Aufbewahrungsregeln gelten?
SRC-DAT-0005;EDW3DAT;buch.idx;buch.idx;IDX;1331200;2026-07-28T12:34:44.879595Z;Archive;8aa4a4f3632aaf8a30725c691e3040d24e5a61036f820ccc8610f7e93d6447de;unbekanntes Binaerformat;buch.dat;Index;"Partnerindex zu einem Datenbestand; nicht geoeffnet oder repariert.";"Metadaten, SHA-256 und Header erfasst; keine Datensaetze exportiert, kein Index geoeffnet oder repariert.";Welche fachliche Bedeutung, Schluessel und Aufbewahrungsregeln gelten?
SRC-DAT-0006;EDW3DAT;BUCHA.DAT;BUCHA.DAT;DAT;1726652;2004-10-19T13:13:26Z;Archive;485f6642be2d70492832b4b79b0b07ab4ba75d3b85751bfc0037b921ce0310fc;unbekanntes Binaerformat;BUCHA.IDX;Daten;"Moeglicher fachlicher Datenbestand; Inhalte wurden nicht exportiert.";"Metadaten, SHA-256 und Header erfasst; keine Datensaetze exportiert, kein Index geoeffnet oder repariert.";Welche fachliche Bedeutung, Schluessel und Aufbewahrungsregeln gelten?
SRC-DAT-0007;EDW3DAT;BUCHA.IDX;BUCHA.IDX;IDX;231424;2004-10-19T13:13:26Z;Archive;d5c59131febbc943722fc508b0d94aead9ed964c851b8fa70564776c8fca0682;unbekanntes Binaerformat;BUCHA.DAT;Index;"Partnerindex zu einem Datenbestand; nicht geoeffnet oder repariert.";"Metadaten, SHA-256 und Header erfasst; keine Datensaetze exportiert, kein Index geoeffnet oder repariert.";Welche fachliche Bedeutung, Schluessel und Aufbewahrungsregeln gelten?
SRC-DAT-0008;EDW3DAT;Buchalt.dat;Buchalt.dat;DAT;341612;2002-01-14T06:19:30Z;Archive;8290171debbf285eb39a914da5497a250f361e68872fabf26a9cdcc05973f20b;unbekanntes Binaerformat;Buchalt.idx;Daten;"Moeglicher fachlicher Datenbestand; Inhalte wurden nicht exportiert.";"Metadaten, SHA-256 und Header erfasst; keine Datensaetze exportiert, kein Index geoeffnet oder repariert.";Welche fachliche Bedeutung, Schluessel und Aufbewahrungsregeln gelten?
SRC-DAT-0009;EDW3DAT;Buchalt.idx;Buchalt.idx;IDX;60416;2002-01-14T06:19:30Z;Archive;f440b7e2b8cedefd1bfd8827802fb1390ef16ffff445e0ae416bb2f4eba23e02;unbekanntes Binaerformat;Buchalt.dat;Index;"Partnerindex zu einem Datenbestand; nicht geoeffnet oder repariert.";"Metadaten, SHA-256 und Header erfasst; keine Datensaetze exportiert, kein Index geoeffnet oder repariert.";Welche fachliche Bedeutung, Schluessel und Aufbewahrungsregeln gelten?
SRC-DAT-0010;EDW3DAT;DRAUF.DAT;DRAUF.DAT;DAT;2879712;2026-08-04T08:25:40.283200Z;Archive;5c0fb58b6ebd72dee8417acb20d52ca01a2fa940feb2a93b5063d17afd8a19f9;unbekanntes Binaerformat;DRAUF.IDX;Daten;"Moeglicher fachlicher Datenbestand; Inhalte wurden nicht exportiert.";"Metadaten, SHA-256 und Header erfasst; keine Datensaetze exportiert, kein Index geoeffnet oder repariert.";Welche fachliche Bedeutung, Schluessel und Aufbewahrungsregeln gelten?
SRC-DAT-0011;EDW3DAT;DRAUF.IDX;DRAUF.IDX;IDX;2051072;2026-08-04T08:25:40.283200Z;Archive;66c40ea60e0b0f536a878806e03e8cc382bc3674fd3ba9dd2177b4e99e23326f;unbekanntes Binaerformat;DRAUF.DAT;Index;"Partnerindex zu einem Datenbestand; nicht geoeffnet oder repariert.";"Metadaten, SHA-256 und Header erfasst; keine Datensaetze exportiert, kein Index geoeffnet oder repariert.";Welche fachliche Bedeutung, Schluessel und Aufbewahrungsregeln gelten?
SRC-DAT-0012;EDW3DAT;EDW_SD00.TXT;EDW_SD00.TXT;TXT;88;2026-08-03T09:39:27.214094Z;Archive;b70bb032052854a3e9592c85a3bf0f4feef167fd210d16fbc636578bf6189367;Text/ASCII- oder ANSI-nah;;Konfiguration;"Betriebs-, Funktions- oder Drucksteuerung; Werte werden nicht offengelegt.";"Metadaten, SHA-256 und Header statisch erfasst; nicht ausgefuehrt.";"Welche Schluessel sind produktiv relevant; welche Werte duerfen spaeter migriert werden?"
SRC-DAT-0013;EDW3DAT;Edw_sd01.txt;Edw_sd01.txt;TXT;3365;2026-08-03T09:39:27.231903Z;Archive;ac4f77e0d67ae8bcda38e1c57eb08118c046c14b37affece92748c5ce49af41a;Text/ASCII- oder ANSI-nah;;Konfiguration;"Betriebs-, Funktions- oder Drucksteuerung; Werte werden nicht offengelegt.";"Metadaten, SHA-256 und Header statisch erfasst; nicht ausgefuehrt.";"Welche Schluessel sind produktiv relevant; welche Werte duerfen spaeter migriert werden?"
SRC-DAT-0014;EDW3DAT;EDW_SD02.TXT;EDW_SD02.TXT;TXT;130;2026-08-03T09:39:27.214094Z;Archive;2c95be8974e6685ec8b75e591eef8fe088964f02efcea3623ec1d048db64adf0;Text/ASCII- oder ANSI-nah;;Konfiguration;"Betriebs-, Funktions- oder Drucksteuerung; Werte werden nicht offengelegt.";"Metadaten, SHA-256 und Header statisch erfasst; nicht ausgefuehrt.";"Welche Schluessel sind produktiv relevant; welche Werte duerfen spaeter migriert werden?"
SRC-DAT-0015;EDW3DAT;Edw_sd06.txt;Edw_sd06.txt;TXT;1146;2026-07-28T12:34:44.975592Z;Archive;b486655b49eeafdb722476a9e3f7f517c7da18aae85b5bb9266250edbef8da28;Text/ASCII- oder ANSI-nah;;Konfiguration;"Betriebs-, Funktions- oder Drucksteuerung; Werte werden nicht offengelegt.";"Metadaten, SHA-256 und Header statisch erfasst; nicht ausgefuehrt.";"Welche Schluessel sind produktiv relevant; welche Werte duerfen spaeter migriert werden?"
SRC-DAT-0016;EDW3DAT;EDW_SD07.TXT;EDW_SD07.TXT;TXT;1057;2005-03-09T09:02:42Z;Archive;13647d2731da255e8620c496dfe79d30f8359835aaba5e415b0bc9485995fb67;Text/ASCII- oder ANSI-nah;;Konfiguration;"Betriebs-, Funktions- oder Drucksteuerung; Werte werden nicht offengelegt.";"Metadaten, SHA-256 und Header statisch erfasst; nicht ausgefuehrt.";"Welche Schluessel sind produktiv relevant; welche Werte duerfen spaeter migriert werden?"
SRC-DAT-0017;EDW3DAT;EDW_SD08.TXT;EDW_SD08.TXT;TXT;407;1998-03-18T10:31:28Z;Archive;bb9df5d3c1c708a6fb7c5a24bd1896e2f4703cc9b76127b334c9da4fb24f850a;Text/ASCII- oder ANSI-nah;;Konfiguration;"Betriebs-, Funktions- oder Drucksteuerung; Werte werden nicht offengelegt.";"Metadaten, SHA-256 und Header statisch erfasst; nicht ausgefuehrt.";"Welche Schluessel sind produktiv relevant; welche Werte duerfen spaeter migriert werden?"
SRC-DAT-0018;EDW3DAT;Edw_sd09.txt;Edw_sd09.txt;TXT;2305;2025-08-01T06:00:11.674471Z;Archive;e690c514061d62231d4c9f36c57ef8478477aef8e22d34e68a4bd5a93c0e92fe;Text/ASCII- oder ANSI-nah;;Konfiguration;"Betriebs-, Funktions- oder Drucksteuerung; Werte werden nicht offengelegt.";"Metadaten, SHA-256 und Header statisch erfasst; nicht ausgefuehrt.";"Welche Schluessel sind produktiv relevant; welche Werte duerfen spaeter migriert werden?"
SRC-DAT-0019;EDW3DAT;EDW_SD40.TXT;EDW_SD40.TXT;TXT;1328;2000-03-29T12:07:04Z;Archive;e452272bcbecb2e45aa75c571c412af2d05eaa2bb32c51ecffa2af13f36bbb46;Text/ASCII- oder ANSI-nah;;Konfiguration;"Betriebs-, Funktions- oder Drucksteuerung; Werte werden nicht offengelegt.";"Metadaten, SHA-256 und Header statisch erfasst; nicht ausgefuehrt.";"Welche Schluessel sind produktiv relevant; welche Werte duerfen spaeter migriert werden?"
SRC-DAT-0020;EDW3DAT;EDW_SD4A.TXT;EDW_SD4A.TXT;TXT;745;2010-08-18T06:43:56.703125Z;Archive;bf5788aa56da71666537d262b82a7c0bc57c03ee1def03c62e0f6441186a4580;Text/ASCII- oder ANSI-nah;;Konfiguration;"Betriebs-, Funktions- oder Drucksteuerung; Werte werden nicht offengelegt.";"Metadaten, SHA-256 und Header statisch erfasst; nicht ausgefuehrt.";"Welche Schluessel sind produktiv relevant; welche Werte duerfen spaeter migriert werden?"
SRC-DAT-0021;EDW3DAT;EDW_SD4B.TXT;EDW_SD4B.TXT;TXT;679;2010-08-18T06:43:56.687500Z;Archive;29f7b34c9dd9df8a52df7f5878ae641f7c28383dbb451f08289b3a462b8a241c;Text/ASCII- oder ANSI-nah;;Konfiguration;"Betriebs-, Funktions- oder Drucksteuerung; Werte werden nicht offengelegt.";"Metadaten, SHA-256 und Header statisch erfasst; nicht ausgefuehrt.";"Welche Schluessel sind produktiv relevant; welche Werte duerfen spaeter migriert werden?"
SRC-DAT-0022;EDW3DAT;EDWFRM01.dot;EDWFRM01.dot;DOT;51712;2014-11-05T14:33:26.538000Z;Archive;2dda893be6b7d55004f27494676c13c7bf00bc8603cd3d3739359fe5af0ed440;OLE-Compound-Document;;Vorlage;"Dokument- oder Formularvorlage; nur statisch untersucht.";"Metadaten, SHA-256 und Header statisch erfasst; nicht ausgefuehrt.";Welcher Ausloeser und welche aktuelle Dokumentvariante gelten?
SRC-DAT-0023;EDW3DAT;EDWFRM02.DOT;EDWFRM02.DOT;DOT;49664;2014-11-05T14:33:51.935000Z;Archive;ba7a328d32b9521a26f969eb33b46fe7188ba8bcb68dde4f533519a0ab5859f2;OLE-Compound-Document;;Vorlage;"Dokument- oder Formularvorlage; nur statisch untersucht.";"Metadaten, SHA-256 und Header statisch erfasst; nicht ausgefuehrt.";Welcher Ausloeser und welche aktuelle Dokumentvariante gelten?
SRC-DAT-0024;EDW3DAT;EDWFRM03.DOT;EDWFRM03.DOT;DOT;50176;2025-02-28T07:31:42.671000Z;Archive;e69427774831d6ba3115dd586d68d8d1c6bb38e65d1707d56064086848e9c2a9;OLE-Compound-Document;;Vorlage;"Dokument- oder Formularvorlage; nur statisch untersucht.";"Metadaten, SHA-256 und Header statisch erfasst; nicht ausgefuehrt.";Welcher Ausloeser und welche aktuelle Dokumentvariante gelten?
SRC-DAT-0025;EDW3DAT;EDWFRM04.DOT;EDWFRM04.DOT;DOT;48640;2014-11-05T14:34:22.536000Z;Archive;bbfad1bba0e78b13243f3f96ee4ed6379a7c67eadd1fcd2d718cc5e21c080aff;OLE-Compound-Document;;Vorlage;"Dokument- oder Formularvorlage; nur statisch untersucht.";"Metadaten, SHA-256 und Header statisch erfasst; nicht ausgefuehrt.";Welcher Ausloeser und welche aktuelle Dokumentvariante gelten?
SRC-DAT-0026;EDW3DAT;EDWFRM05.DOT;EDWFRM05.DOT;DOT;55296;2014-11-05T14:35:54.426000Z;Archive;7ccbcb8561028297e4aba031d5e531227182c5e87fbaf82e12758c782c0c9501;OLE-Compound-Document;;Vorlage;"Dokument- oder Formularvorlage; nur statisch untersucht.";"Metadaten, SHA-256 und Header statisch erfasst; nicht ausgefuehrt.";Welcher Ausloeser und welche aktuelle Dokumentvariante gelten?
SRC-DAT-0027;EDW3DAT;EDWFRM06.DOT;EDWFRM06.DOT;DOT;36864;2017-08-21T08:56:07.091000Z;Archive;cae103ce96460b385b123f830f30dd0dca45b8a500267ecbcd8793026d3af7a5;OLE-Compound-Document;;Vorlage;"Dokument- oder Formularvorlage; nur statisch untersucht.";"Metadaten, SHA-256 und Header statisch erfasst; nicht ausgefuehrt.";Welcher Ausloeser und welche aktuelle Dokumentvariante gelten?
SRC-DAT-0028;EDW3DAT;EDWFRM08.DOT;EDWFRM08.DOT;DOT;23040;2010-08-18T13:44:15.618000Z;Archive;192ac1f2c810685d394c707d507c04596783247e1b3cb5dddd338b5c862e53ef;OLE-Compound-Document;;Vorlage;"Dokument- oder Formularvorlage; nur statisch untersucht.";"Metadaten, SHA-256 und Header statisch erfasst; nicht ausgefuehrt.";Welcher Ausloeser und welche aktuelle Dokumentvariante gelten?
SRC-DAT-0029;EDW3DAT;EDWFRM11.DOT;EDWFRM11.DOT;DOT;51712;2014-11-05T14:36:46.206000Z;Archive;cf7dc389eef676f1de76599c6d63955e6481b324b082ae519dc3a8d0fabd9de5;OLE-Compound-Document;;Vorlage;"Dokument- oder Formularvorlage; nur statisch untersucht.";"Metadaten, SHA-256 und Header statisch erfasst; nicht ausgefuehrt.";Welcher Ausloeser und welche aktuelle Dokumentvariante gelten?
SRC-DAT-0030;EDW3DAT;EDWFRM20.DOT;EDWFRM20.DOT;DOT;50688;2014-11-05T14:37:12.689000Z;Archive;d9c38f2b2b9cbe1fe54cd187ff6da577a443b639433803f5836b1865f880e797;OLE-Compound-Document;;Vorlage;"Dokument- oder Formularvorlage; nur statisch untersucht.";"Metadaten, SHA-256 und Header statisch erfasst; nicht ausgefuehrt.";Welcher Ausloeser und welche aktuelle Dokumentvariante gelten?
SRC-DAT-0031;EDW3DAT;EDWFRM27.DOT;EDWFRM27.DOT;DOT;75264;2010-08-18T13:57:48.229000Z;Archive;ee842e8f0ce7a10befd9938ceaacf083a2559c35acf1d775d5a6dc00512e57f7;OLE-Compound-Document;;Vorlage;"Dokument- oder Formularvorlage; nur statisch untersucht.";"Metadaten, SHA-256 und Header statisch erfasst; nicht ausgefuehrt.";Welcher Ausloeser und welche aktuelle Dokumentvariante gelten?
SRC-DAT-0032;EDW3DAT;EDWFRM28.DOT;EDWFRM28.DOT;DOT;31232;2010-08-18T13:59:15.134000Z;Archive;7f6848ddb6d9553369cc77c9bf7b9e062f4c1279589915ea18236a314ffc091f;OLE-Compound-Document;;Vorlage;"Dokument- oder Formularvorlage; nur statisch untersucht.";"Metadaten, SHA-256 und Header statisch erfasst; nicht ausgefuehrt.";Welcher Ausloeser und welche aktuelle Dokumentvariante gelten?
SRC-DAT-0033;EDW3DAT;EDWFRM30.DOT;EDWFRM30.DOT;DOT;50176;2025-02-28T07:33:05.549000Z;Archive;109a9637fa58b1b93da956f668d4151ecaadec755f61edffd77b2c4bc989005c;OLE-Compound-Document;;Vorlage;"Dokument- oder Formularvorlage; nur statisch untersucht.";"Metadaten, SHA-256 und Header statisch erfasst; nicht ausgefuehrt.";Welcher Ausloeser und welche aktuelle Dokumentvariante gelten?
SRC-DAT-0034;EDW3DAT;EDWFRM30.DOT.docx;EDWFRM30.DOT.docx;DOCX;29578;2024-02-26T09:11:58.540389Z;Archive;f4895bd23e44da080f6ca5ba425eacc567a742a4dbfe65c2396090cb57428b2a;ZIP/OOXML/JAR-Container;;Vorlage;"Dokument- oder Formularvorlage; nur statisch untersucht.";"Metadaten, SHA-256 und Header statisch erfasst; nicht ausgefuehrt.";Welcher Ausloeser und welche aktuelle Dokumentvariante gelten?
SRC-DAT-0035;EDW3DAT;EDWFRM30.DOT.sic;EDWFRM30.DOT.sic;SIC;50176;2024-06-10T09:49:49.273000Z;Archive;f0204e7d736f1ba5c3ed85ef68f5f4d8d849e0ced252497c640c10b418e92004;OLE-Compound-Document;;Vorlage;"Dokument- oder Formularvorlage; nur statisch untersucht.";"Metadaten, SHA-256 und Header statisch erfasst; nicht ausgefuehrt.";Welcher Ausloeser und welche aktuelle Dokumentvariante gelten?
SRC-DAT-0036;EDW3DAT;EDWFRM31.DOT;EDWFRM31.DOT;DOT;46080;2010-08-18T14:40:00.835000Z;Archive;dcb49264dd3de538573344eee2e5d77b6719c8014927662d4d4044c193ef36b7;OLE-Compound-Document;;Vorlage;"Dokument- oder Formularvorlage; nur statisch untersucht.";"Metadaten, SHA-256 und Header statisch erfasst; nicht ausgefuehrt.";Welcher Ausloeser und welche aktuelle Dokumentvariante gelten?
SRC-DAT-0037;EDW3DAT;EDWFRM80.DOT;EDWFRM80.DOT;DOT;46080;2014-11-05T14:38:17.820000Z;Archive;5708f2f462af93e823edbd6268d7e05014a62cc9d2334dc65a7f1ce23baa6695;OLE-Compound-Document;;Vorlage;"Dokument- oder Formularvorlage; nur statisch untersucht.";"Metadaten, SHA-256 und Header statisch erfasst; nicht ausgefuehrt.";Welcher Ausloeser und welche aktuelle Dokumentvariante gelten?
SRC-DAT-0038;EDW3DAT;EDWFRM81.DOT;EDWFRM81.DOT;DOT;48128;2014-11-05T14:38:41.485000Z;Archive;0fda4c2426f9aaec51377b23a39a7dd9699fb3710cbb1cbe00ffb24af0adac18;OLE-Compound-Document;;Vorlage;"Dokument- oder Formularvorlage; nur statisch untersucht.";"Metadaten, SHA-256 und Header statisch erfasst; nicht ausgefuehrt.";Welcher Ausloeser und welche aktuelle Dokumentvariante gelten?
SRC-DAT-0039;EDW3DAT;EDWFRM82.DOT;EDWFRM82.DOT;DOT;47616;2014-11-05T14:39:03.672000Z;Archive;43c73d592045cf40c1f0a3269966c8598c0d14ccc14d78ba43384d865de42546;OLE-Compound-Document;;Vorlage;"Dokument- oder Formularvorlage; nur statisch untersucht.";"Metadaten, SHA-256 und Header statisch erfasst; nicht ausgefuehrt.";Welcher Ausloeser und welche aktuelle Dokumentvariante gelten?
SRC-DAT-0040;EDW3DAT;EDWFRM83.DOT;EDWFRM83.DOT;DOT;45568;2010-08-18T14:48:15.569000Z;Archive;ac5e0e487b9d498197dda77a6074bf2d410828b4f4b0b86cb97a31bd7aec2ee7;OLE-Compound-Document;;Vorlage;"Dokument- oder Formularvorlage; nur statisch untersucht.";"Metadaten, SHA-256 und Header statisch erfasst; nicht ausgefuehrt.";Welcher Ausloeser und welche aktuelle Dokumentvariante gelten?
SRC-DAT-0041;EDW3DAT;EDWFRM85.DOT;EDWFRM85.DOT;DOT;45568;2010-08-18T14:49:01.846000Z;Archive;1c2731d9d87e02b52c7434ea1cc76c540b297a78c70feaa7dfecc1067240eead;OLE-Compound-Document;;Vorlage;"Dokument- oder Formularvorlage; nur statisch untersucht.";"Metadaten, SHA-256 und Header statisch erfasst; nicht ausgefuehrt.";Welcher Ausloeser und welche aktuelle Dokumentvariante gelten?
SRC-DAT-0042;EDW3DAT;EDWFRM86.DOT;EDWFRM86.DOT;DOT;45568;2010-08-18T14:49:40.091000Z;Archive;121aebb5361251b24ceb68fe839dbd48a211ab61546393af25952d79952a5473;OLE-Compound-Document;;Vorlage;"Dokument- oder Formularvorlage; nur statisch untersucht.";"Metadaten, SHA-256 und Header statisch erfasst; nicht ausgefuehrt.";Welcher Ausloeser und welche aktuelle Dokumentvariante gelten?
SRC-DAT-0043;EDW3DAT;EDWFRM88.DOT;EDWFRM88.DOT;DOT;46592;2014-11-05T14:39:55.504000Z;Archive;652eedf9ecbab7ce1488405376b5e2bb714c8a7d43c734b3adca56deddacfee3;OLE-Compound-Document;;Vorlage;"Dokument- oder Formularvorlage; nur statisch untersucht.";"Metadaten, SHA-256 und Header statisch erfasst; nicht ausgefuehrt.";Welcher Ausloeser und welche aktuelle Dokumentvariante gelten?
SRC-DAT-0044;EDW3DAT;EDWFRM89.DOT;EDWFRM89.DOT;DOT;47104;2014-11-05T14:40:24.155000Z;Archive;2021fcaa6343cf6172e4b9bb724f7b180775380459bba1e2dc7d85c9ce5357ec;OLE-Compound-Document;;Vorlage;"Dokument- oder Formularvorlage; nur statisch untersucht.";"Metadaten, SHA-256 und Header statisch erfasst; nicht ausgefuehrt.";Welcher Ausloeser und welche aktuelle Dokumentvariante gelten?
SRC-DAT-0045;EDW3DAT;EDWFRM90.DOT;EDWFRM90.DOT;DOT;47616;2014-11-05T14:40:46.839000Z;Archive;e840e26e68c9bed312733cc9f1f66d936d241e08b3c0705ca8261778c1204e37;OLE-Compound-Document;;Vorlage;"Dokument- oder Formularvorlage; nur statisch untersucht.";"Metadaten, SHA-256 und Header statisch erfasst; nicht ausgefuehrt.";Welcher Ausloeser und welche aktuelle Dokumentvariante gelten?
SRC-DAT-0046;EDW3DAT;EDWFRM90.SIK.DOT;EDWFRM90.SIK.DOT;DOT;46080;2010-08-18T15:01:19.376000Z;Archive;54cfe7db71f601a290675898420b33167c2895fce35343ea6d0ec144f9fbb9f4;OLE-Compound-Document;;Vorlage;"Dokument- oder Formularvorlage; nur statisch untersucht.";"Metadaten, SHA-256 und Header statisch erfasst; nicht ausgefuehrt.";Welcher Ausloeser und welche aktuelle Dokumentvariante gelten?
SRC-DAT-0047;EDW3DAT;form.dat;form.dat;DAT;128;2007-07-24T08:25:33.468750Z;Archive;3d4180adc6f7172a66123c28fa22dcb53e16232d93504dc4eeaec356935d4a71;unbekanntes Binaerformat;form.idx;Daten;"Moeglicher fachlicher Datenbestand; Inhalte wurden nicht exportiert.";"Metadaten, SHA-256 und Header erfasst; keine Datensaetze exportiert, kein Index geoeffnet oder repariert.";Welche fachliche Bedeutung, Schluessel und Aufbewahrungsregeln gelten?
SRC-DAT-0048;EDW3DAT;form.idx;form.idx;IDX;3072;2007-07-24T08:25:33.468750Z;Archive;2ced3d9948f487caaec530a3f0c0bb566f548eece8bf7fd97d60d963e9d288a1;unbekanntes Binaerformat;form.dat;Index;"Partnerindex zu einem Datenbestand; nicht geoeffnet oder repariert.";"Metadaten, SHA-256 und Header erfasst; keine Datensaetze exportiert, kein Index geoeffnet oder repariert.";Welche fachliche Bedeutung, Schluessel und Aufbewahrungsregeln gelten?
SRC-DAT-0049;EDW3DAT;gesicherte Vorlagen\20070508\EDWFRM01.DOT;EDWFRM01.DOT;DOT;46592;2007-05-08T08:44:58.858000Z;Archive;93ae1bc118bd2c7964092b775498c84e4dd46397aee44dfd151eb02f16f674f8;OLE-Compound-Document;;Vorlage;"Dokument- oder Formularvorlage; nur statisch untersucht.";"Metadaten, SHA-256 und Header statisch erfasst; nicht ausgefuehrt.";Welcher Ausloeser und welche aktuelle Dokumentvariante gelten?
SRC-DAT-0050;EDW3DAT;gesicherte Vorlagen\20070508\EDWFRM02.DOT;EDWFRM02.DOT;DOT;51712;2007-05-08T08:45:22.704000Z;Archive;307a3eb319855b0c89a30d31ea8d143388be31a10d68e759ad912c254baac727;OLE-Compound-Document;;Vorlage;"Dokument- oder Formularvorlage; nur statisch untersucht.";"Metadaten, SHA-256 und Header statisch erfasst; nicht ausgefuehrt.";Welcher Ausloeser und welche aktuelle Dokumentvariante gelten?
SRC-DAT-0051;EDW3DAT;gesicherte Vorlagen\20070508\EDWFRM03.DOT;EDWFRM03.DOT;DOT;51712;2007-05-08T08:45:54.999000Z;Archive;fc16187b7b96e47c44b33fedb03fa8899b338318ad608766ea16cb18af2dff71;OLE-Compound-Document;;Vorlage;"Dokument- oder Formularvorlage; nur statisch untersucht.";"Metadaten, SHA-256 und Header statisch erfasst; nicht ausgefuehrt.";Welcher Ausloeser und welche aktuelle Dokumentvariante gelten?
SRC-DAT-0052;EDW3DAT;gesicherte Vorlagen\20070508\EDWFRM04.DOT;EDWFRM04.DOT;DOT;44544;2007-05-08T08:46:30.145000Z;Archive;3181d991f8bc5fed5ab8667ce18f3772f05fe4b6a8d32783d0cb36efc6c830d9;OLE-Compound-Document;;Vorlage;"Dokument- oder Formularvorlage; nur statisch untersucht.";"Metadaten, SHA-256 und Header statisch erfasst; nicht ausgefuehrt.";Welcher Ausloeser und welche aktuelle Dokumentvariante gelten?
SRC-DAT-0053;EDW3DAT;gesicherte Vorlagen\20070508\EDWFRM05.DOT;EDWFRM05.DOT;DOT;49664;2007-05-08T08:46:53.056000Z;Archive;3ca98a657406048ee482366608bf1e662075f37acd9a87fa5138a080ddfb33c4;OLE-Compound-Document;;Vorlage;"Dokument- oder Formularvorlage; nur statisch untersucht.";"Metadaten, SHA-256 und Header statisch erfasst; nicht ausgefuehrt.";Welcher Ausloeser und welche aktuelle Dokumentvariante gelten?
SRC-DAT-0054;EDW3DAT;gesicherte Vorlagen\20070508\EDWFRM06.DOT;EDWFRM06.DOT;DOT;26112;2001-04-19T12:54:30Z;Archive;38cd8aaa73252f77ad878eae999fd1185bb3f1198a513b7d15139c5167d853c1;OLE-Compound-Document;;Vorlage;"Dokument- oder Formularvorlage; nur statisch untersucht.";"Metadaten, SHA-256 und Header statisch erfasst; nicht ausgefuehrt.";Welcher Ausloeser und welche aktuelle Dokumentvariante gelten?
SRC-DAT-0055;EDW3DAT;gesicherte Vorlagen\20070508\EDWFRM08.DOT;EDWFRM08.DOT;DOT;35840;2001-03-20T09:55:34Z;Archive;0a4628aa77d05e932cff2ee08074bc5d47693e332e3823a1de1879d6f319daad;OLE-Compound-Document;;Vorlage;"Dokument- oder Formularvorlage; nur statisch untersucht.";"Metadaten, SHA-256 und Header statisch erfasst; nicht ausgefuehrt.";Welcher Ausloeser und welche aktuelle Dokumentvariante gelten?
SRC-DAT-0056;EDW3DAT;gesicherte Vorlagen\20070508\EDWFRM11.DOT;EDWFRM11.DOT;DOT;46080;2007-05-08T08:47:37.835000Z;Archive;054b1c26ae4b910ef77827a79963e14428c1b718ba7fd5eac422ca8e5cf3d409;OLE-Compound-Document;;Vorlage;"Dokument- oder Formularvorlage; nur statisch untersucht.";"Metadaten, SHA-256 und Header statisch erfasst; nicht ausgefuehrt.";Welcher Ausloeser und welche aktuelle Dokumentvariante gelten?
SRC-DAT-0057;EDW3DAT;gesicherte Vorlagen\20070508\EDWFRM20.DOT;EDWFRM20.DOT;DOT;49664;2007-05-08T08:47:59.468000Z;Archive;73b99d24ce2d83b36e6321e8d3e85417213311db65eba6fe084ad7de520f9b1d;OLE-Compound-Document;;Vorlage;"Dokument- oder Formularvorlage; nur statisch untersucht.";"Metadaten, SHA-256 und Header statisch erfasst; nicht ausgefuehrt.";Welcher Ausloeser und welche aktuelle Dokumentvariante gelten?
SRC-DAT-0058;EDW3DAT;gesicherte Vorlagen\20070508\EDWFRM27.DOT;EDWFRM27.DOT;DOT;40960;2001-03-20T09:59:42Z;Archive;42497e0bfb78b7bc2d78765a72d5f4a6dc43b18b2ff2d17da65c8e4b67ff7b30;OLE-Compound-Document;;Vorlage;"Dokument- oder Formularvorlage; nur statisch untersucht.";"Metadaten, SHA-256 und Header statisch erfasst; nicht ausgefuehrt.";Welcher Ausloeser und welche aktuelle Dokumentvariante gelten?
SRC-DAT-0059;EDW3DAT;gesicherte Vorlagen\20070508\EDWFRM28.DOT;EDWFRM28.DOT;DOT;34816;2001-03-20T10:00:54Z;Archive;39fc598d366e82b857e834e3b1e4ec90e4f177701b59a91a43816342b966934e;OLE-Compound-Document;;Vorlage;"Dokument- oder Formularvorlage; nur statisch untersucht.";"Metadaten, SHA-256 und Header statisch erfasst; nicht ausgefuehrt.";Welcher Ausloeser und welche aktuelle Dokumentvariante gelten?
SRC-DAT-0060;EDW3DAT;gesicherte Vorlagen\20070508\EDWFRM30.DOT;EDWFRM30.DOT;DOT;43008;2007-05-08T08:48:36.033000Z;Archive;e75de9be56ad700f46256d55813e63e1c71defffd7aaa0bd5304ad572624774d;OLE-Compound-Document;;Vorlage;"Dokument- oder Formularvorlage; nur statisch untersucht.";"Metadaten, SHA-256 und Header statisch erfasst; nicht ausgefuehrt.";Welcher Ausloeser und welche aktuelle Dokumentvariante gelten?
SRC-DAT-0061;EDW3DAT;gesicherte Vorlagen\20070508\EDWFRM31.DOT;EDWFRM31.DOT;DOT;33792;2001-03-20T10:04:00Z;Archive;52d02ae9461aefc70d074854aee79b1078b3313becb4daf88e55f8e79df357bc;OLE-Compound-Document;;Vorlage;"Dokument- oder Formularvorlage; nur statisch untersucht.";"Metadaten, SHA-256 und Header statisch erfasst; nicht ausgefuehrt.";Welcher Ausloeser und welche aktuelle Dokumentvariante gelten?
SRC-DAT-0062;EDW3DAT;gesicherte Vorlagen\20070508\EDWFRM80.DOT;EDWFRM80.DOT;DOT;46592;2007-05-08T08:49:05.880000Z;Archive;040b7bdc3c1df66208820e6266392fd27a4f4bf10b448ac22369123c3280c8df;OLE-Compound-Document;;Vorlage;"Dokument- oder Formularvorlage; nur statisch untersucht.";"Metadaten, SHA-256 und Header statisch erfasst; nicht ausgefuehrt.";Welcher Ausloeser und welche aktuelle Dokumentvariante gelten?
SRC-DAT-0063;EDW3DAT;gesicherte Vorlagen\20070508\EDWFRM81.DOT;EDWFRM81.DOT;DOT;46592;2007-05-08T08:49:33.935000Z;Archive;a7c7e9ab3d0634dd9951e870d486aa166a3fdc9b55f2e8cccbf0ecc31f6fee03;OLE-Compound-Document;;Vorlage;"Dokument- oder Formularvorlage; nur statisch untersucht.";"Metadaten, SHA-256 und Header statisch erfasst; nicht ausgefuehrt.";Welcher Ausloeser und welche aktuelle Dokumentvariante gelten?
SRC-DAT-0064;EDW3DAT;gesicherte Vorlagen\20070508\EDWFRM82.DOT;EDWFRM82.DOT;DOT;47616;2007-05-08T08:49:51.454000Z;Archive;01121ff5b701369c59292b694a2cb8f86b750351d636c6819a92ca08c4f6048a;OLE-Compound-Document;;Vorlage;"Dokument- oder Formularvorlage; nur statisch untersucht.";"Metadaten, SHA-256 und Header statisch erfasst; nicht ausgefuehrt.";Welcher Ausloeser und welche aktuelle Dokumentvariante gelten?
SRC-DAT-0065;EDW3DAT;gesicherte Vorlagen\20070508\EDWFRM83.DOT;EDWFRM83.DOT;DOT;33280;2001-03-20T10:07:48Z;Archive;23697850160c04b6cc2b0e616c696ddc4959926e5e48a33c443bfd19203cb39b;OLE-Compound-Document;;Vorlage;"Dokument- oder Formularvorlage; nur statisch untersucht.";"Metadaten, SHA-256 und Header statisch erfasst; nicht ausgefuehrt.";Welcher Ausloeser und welche aktuelle Dokumentvariante gelten?
SRC-DAT-0066;EDW3DAT;gesicherte Vorlagen\20070508\EDWFRM85.DOT;EDWFRM85.DOT;DOT;32768;2001-03-20T10:08:40Z;Archive;1af98583c2cb14fca07133be5f3a9cbadb83f1229b6bbe8f78758717c1dfc639;OLE-Compound-Document;;Vorlage;"Dokument- oder Formularvorlage; nur statisch untersucht.";"Metadaten, SHA-256 und Header statisch erfasst; nicht ausgefuehrt.";Welcher Ausloeser und welche aktuelle Dokumentvariante gelten?
SRC-DAT-0067;EDW3DAT;gesicherte Vorlagen\20070508\EDWFRM86.DOT;EDWFRM86.DOT;DOT;32768;2001-03-20T10:09:08Z;Archive;a4aec1cab4dc49356f760eabad532a514524ea77c398bb282f43ce47524a9d68;OLE-Compound-Document;;Vorlage;"Dokument- oder Formularvorlage; nur statisch untersucht.";"Metadaten, SHA-256 und Header statisch erfasst; nicht ausgefuehrt.";Welcher Ausloeser und welche aktuelle Dokumentvariante gelten?
SRC-DAT-0068;EDW3DAT;gesicherte Vorlagen\20070508\EDWFRM88.DOT;EDWFRM88.DOT;DOT;46592;2007-05-08T08:50:34.424000Z;Archive;2d5d3255a3a43beefe169368d1884d7528814bfe518772c352e2a627373f8df1;OLE-Compound-Document;;Vorlage;"Dokument- oder Formularvorlage; nur statisch untersucht.";"Metadaten, SHA-256 und Header statisch erfasst; nicht ausgefuehrt.";Welcher Ausloeser und welche aktuelle Dokumentvariante gelten?
SRC-DAT-0069;EDW3DAT;gesicherte Vorlagen\20070508\EDWFRM89.DOT;EDWFRM89.DOT;DOT;46592;2007-05-08T08:50:55.185000Z;Archive;a1ef98958784d6c906bf290dc3ee9a4cc16e58d3dbd05351e1da0889ff7f7d80;OLE-Compound-Document;;Vorlage;"Dokument- oder Formularvorlage; nur statisch untersucht.";"Metadaten, SHA-256 und Header statisch erfasst; nicht ausgefuehrt.";Welcher Ausloeser und welche aktuelle Dokumentvariante gelten?
SRC-DAT-0070;EDW3DAT;gesicherte Vorlagen\20070508\EDWFRM90.DOT;EDWFRM90.DOT;DOT;46592;2007-05-08T08:51:15.852000Z;Archive;3a0e6e02a0c9a184abcab11e159df5d9ebe32b434f4c7a2f89645bc7128f0050;OLE-Compound-Document;;Vorlage;"Dokument- oder Formularvorlage; nur statisch untersucht.";"Metadaten, SHA-256 und Header statisch erfasst; nicht ausgefuehrt.";Welcher Ausloeser und welche aktuelle Dokumentvariante gelten?
SRC-DAT-0071;EDW3DAT;gesicherte Vorlagen\20070508\EDWFRM90.SIK.DOT;EDWFRM90.SIK.DOT;DOT;35328;2001-10-08T11:30:04Z;Archive;cd856c47d98a4a511bbd5daa4ffd6072808facb795005e5f711c2cdb9cfa5779;OLE-Compound-Document;;Vorlage;"Dokument- oder Formularvorlage; nur statisch untersucht.";"Metadaten, SHA-256 und Header statisch erfasst; nicht ausgefuehrt.";Welcher Ausloeser und welche aktuelle Dokumentvariante gelten?
SRC-DAT-0072;EDW3DAT;gesicherte Vorlagen\20100125\EDWFRM01.dot;EDWFRM01.dot;DOT;50688;2009-06-09T08:29:23.203000Z;Archive;0e2c56ebe7c68c25963485641775448c9bfe387372561fd33088d5e6c544046c;OLE-Compound-Document;;Vorlage;"Dokument- oder Formularvorlage; nur statisch untersucht.";"Metadaten, SHA-256 und Header statisch erfasst; nicht ausgefuehrt.";Welcher Ausloeser und welche aktuelle Dokumentvariante gelten?
SRC-DAT-0073;EDW3DAT;gesicherte Vorlagen\20100125\EDWFRM02.DOT;EDWFRM02.DOT;DOT;49152;2009-01-28T08:45:48.828000Z;Archive;a3dcadb943078ef0526649f4440739519cf14bfc0a3b69fff33be885b1303b1f;OLE-Compound-Document;;Vorlage;"Dokument- oder Formularvorlage; nur statisch untersucht.";"Metadaten, SHA-256 und Header statisch erfasst; nicht ausgefuehrt.";Welcher Ausloeser und welche aktuelle Dokumentvariante gelten?
SRC-DAT-0074;EDW3DAT;gesicherte Vorlagen\20100125\EDWFRM03.DOT;EDWFRM03.DOT;DOT;48128;2009-01-28T08:47:23.093000Z;Archive;237d8d231bb686858cc9a54d47c9e95aa5c4c074a6fb9e266e0ddc1bf96c0c74;OLE-Compound-Document;;Vorlage;"Dokument- oder Formularvorlage; nur statisch untersucht.";"Metadaten, SHA-256 und Header statisch erfasst; nicht ausgefuehrt.";Welcher Ausloeser und welche aktuelle Dokumentvariante gelten?
SRC-DAT-0075;EDW3DAT;gesicherte Vorlagen\20100125\EDWFRM04.DOT;EDWFRM04.DOT;DOT;47616;2009-01-28T08:48:39.984000Z;Archive;4069cd7ac9323e880417c46c3a63019aaa2d98f4efd8056fb9110dc6c06ff844;OLE-Compound-Document;;Vorlage;"Dokument- oder Formularvorlage; nur statisch untersucht.";"Metadaten, SHA-256 und Header statisch erfasst; nicht ausgefuehrt.";Welcher Ausloeser und welche aktuelle Dokumentvariante gelten?
SRC-DAT-0076;EDW3DAT;gesicherte Vorlagen\20100125\EDWFRM05.DOT;EDWFRM05.DOT;DOT;59904;2009-01-28T08:50:18.578000Z;Archive;817fbe1048bd29d892edb846988941a9ba6794bf1f132d2185d49ded563ebbdb;OLE-Compound-Document;;Vorlage;"Dokument- oder Formularvorlage; nur statisch untersucht.";"Metadaten, SHA-256 und Header statisch erfasst; nicht ausgefuehrt.";Welcher Ausloeser und welche aktuelle Dokumentvariante gelten?
SRC-DAT-0077;EDW3DAT;gesicherte Vorlagen\20100125\EDWFRM06.DOT;EDWFRM06.DOT;DOT;30208;2008-04-23T09:39:11.265000Z;Archive;e82ad297d1db7b77a6fa4b74276ca284a14ffbfcc4b8258ba03d3fde5b55ff1e;OLE-Compound-Document;;Vorlage;"Dokument- oder Formularvorlage; nur statisch untersucht.";"Metadaten, SHA-256 und Header statisch erfasst; nicht ausgefuehrt.";Welcher Ausloeser und welche aktuelle Dokumentvariante gelten?
SRC-DAT-0078;EDW3DAT;gesicherte Vorlagen\20100125\EDWFRM08.DOT;EDWFRM08.DOT;DOT;35840;2001-03-20T09:55:34Z;Archive;0a4628aa77d05e932cff2ee08074bc5d47693e332e3823a1de1879d6f319daad;OLE-Compound-Document;;Vorlage;"Dokument- oder Formularvorlage; nur statisch untersucht.";"Metadaten, SHA-256 und Header statisch erfasst; nicht ausgefuehrt.";Welcher Ausloeser und welche aktuelle Dokumentvariante gelten?
SRC-DAT-0079;EDW3DAT;gesicherte Vorlagen\20100125\EDWFRM11.DOT;EDWFRM11.DOT;DOT;49664;2009-01-28T08:52:07.671000Z;Archive;67b888e3170b9dd84ff4d1f509d7dae1cf73e6d933201089bf4c3c9989f9b5d6;OLE-Compound-Document;;Vorlage;"Dokument- oder Formularvorlage; nur statisch untersucht.";"Metadaten, SHA-256 und Header statisch erfasst; nicht ausgefuehrt.";Welcher Ausloeser und welche aktuelle Dokumentvariante gelten?
SRC-DAT-0080;EDW3DAT;gesicherte Vorlagen\20100125\EDWFRM20.DOT;EDWFRM20.DOT;DOT;47616;2009-01-28T08:53:18.734000Z;Archive;f088ff3ae7b85a199ac1f4ee80f5176a1ce064d5b6d74ab29e1d6a976ea39464;OLE-Compound-Document;;Vorlage;"Dokument- oder Formularvorlage; nur statisch untersucht.";"Metadaten, SHA-256 und Header statisch erfasst; nicht ausgefuehrt.";Welcher Ausloeser und welche aktuelle Dokumentvariante gelten?
SRC-DAT-0081;EDW3DAT;gesicherte Vorlagen\20100125\EDWFRM27.DOT;EDWFRM27.DOT;DOT;40960;2001-03-20T09:59:42Z;Archive;42497e0bfb78b7bc2d78765a72d5f4a6dc43b18b2ff2d17da65c8e4b67ff7b30;OLE-Compound-Document;;Vorlage;"Dokument- oder Formularvorlage; nur statisch untersucht.";"Metadaten, SHA-256 und Header statisch erfasst; nicht ausgefuehrt.";Welcher Ausloeser und welche aktuelle Dokumentvariante gelten?
SRC-DAT-0082;EDW3DAT;gesicherte Vorlagen\20100125\EDWFRM28.DOT;EDWFRM28.DOT;DOT;34816;2001-03-20T10:00:54Z;Archive;39fc598d366e82b857e834e3b1e4ec90e4f177701b59a91a43816342b966934e;OLE-Compound-Document;;Vorlage;"Dokument- oder Formularvorlage; nur statisch untersucht.";"Metadaten, SHA-256 und Header statisch erfasst; nicht ausgefuehrt.";Welcher Ausloeser und welche aktuelle Dokumentvariante gelten?
SRC-DAT-0083;EDW3DAT;gesicherte Vorlagen\20100125\EDWFRM30.DOT;EDWFRM30.DOT;DOT;46592;2009-01-28T08:55:10.031000Z;Archive;31acbd94adefa92db6fdeef5d11fc0af6272d257661f35663ecb248f95ebcbbd;OLE-Compound-Document;;Vorlage;"Dokument- oder Formularvorlage; nur statisch untersucht.";"Metadaten, SHA-256 und Header statisch erfasst; nicht ausgefuehrt.";Welcher Ausloeser und welche aktuelle Dokumentvariante gelten?
SRC-DAT-0084;EDW3DAT;gesicherte Vorlagen\20100125\EDWFRM31.DOT;EDWFRM31.DOT;DOT;33792;2001-03-20T10:04:00Z;Archive;52d02ae9461aefc70d074854aee79b1078b3313becb4daf88e55f8e79df357bc;OLE-Compound-Document;;Vorlage;"Dokument- oder Formularvorlage; nur statisch untersucht.";"Metadaten, SHA-256 und Header statisch erfasst; nicht ausgefuehrt.";Welcher Ausloeser und welche aktuelle Dokumentvariante gelten?
SRC-DAT-0085;EDW3DAT;gesicherte Vorlagen\20100125\EDWFRM80.DOT;EDWFRM80.DOT;DOT;44544;2009-01-28T08:56:41.875000Z;Archive;3525b9f2bb80d1ea7126895ad8cc9ae5b93efa948fea5435ab7f3e63b78eacd6;OLE-Compound-Document;;Vorlage;"Dokument- oder Formularvorlage; nur statisch untersucht.";"Metadaten, SHA-256 und Header statisch erfasst; nicht ausgefuehrt.";Welcher Ausloeser und welche aktuelle Dokumentvariante gelten?
SRC-DAT-0086;EDW3DAT;gesicherte Vorlagen\20100125\EDWFRM81.DOT;EDWFRM81.DOT;DOT;45568;2009-01-28T08:57:43.562000Z;Archive;c2201dda54b74160ebca37fc17db3aa2baeca850e980ac33d38954975f264e5a;OLE-Compound-Document;;Vorlage;"Dokument- oder Formularvorlage; nur statisch untersucht.";"Metadaten, SHA-256 und Header statisch erfasst; nicht ausgefuehrt.";Welcher Ausloeser und welche aktuelle Dokumentvariante gelten?
SRC-DAT-0087;EDW3DAT;gesicherte Vorlagen\20100125\EDWFRM82.DOT;EDWFRM82.DOT;DOT;46080;2009-01-28T08:58:36.640000Z;Archive;a4e65af69d7a6582cf13189c50fcebe194b8f2b853bee1c2bd5d08d98bfaf3e6;OLE-Compound-Document;;Vorlage;"Dokument- oder Formularvorlage; nur statisch untersucht.";"Metadaten, SHA-256 und Header statisch erfasst; nicht ausgefuehrt.";Welcher Ausloeser und welche aktuelle Dokumentvariante gelten?
SRC-DAT-0088;EDW3DAT;gesicherte Vorlagen\20100125\EDWFRM83.DOT;EDWFRM83.DOT;DOT;33280;2001-03-20T10:07:48Z;Archive;23697850160c04b6cc2b0e616c696ddc4959926e5e48a33c443bfd19203cb39b;OLE-Compound-Document;;Vorlage;"Dokument- oder Formularvorlage; nur statisch untersucht.";"Metadaten, SHA-256 und Header statisch erfasst; nicht ausgefuehrt.";Welcher Ausloeser und welche aktuelle Dokumentvariante gelten?
SRC-DAT-0089;EDW3DAT;gesicherte Vorlagen\20100125\EDWFRM85.DOT;EDWFRM85.DOT;DOT;32768;2001-03-20T10:08:40Z;Archive;1af98583c2cb14fca07133be5f3a9cbadb83f1229b6bbe8f78758717c1dfc639;OLE-Compound-Document;;Vorlage;"Dokument- oder Formularvorlage; nur statisch untersucht.";"Metadaten, SHA-256 und Header statisch erfasst; nicht ausgefuehrt.";Welcher Ausloeser und welche aktuelle Dokumentvariante gelten?
SRC-DAT-0090;EDW3DAT;gesicherte Vorlagen\20100125\EDWFRM86.DOT;EDWFRM86.DOT;DOT;32768;2001-03-20T10:09:08Z;Archive;a4aec1cab4dc49356f760eabad532a514524ea77c398bb282f43ce47524a9d68;OLE-Compound-Document;;Vorlage;"Dokument- oder Formularvorlage; nur statisch untersucht.";"Metadaten, SHA-256 und Header statisch erfasst; nicht ausgefuehrt.";Welcher Ausloeser und welche aktuelle Dokumentvariante gelten?
SRC-DAT-0091;EDW3DAT;gesicherte Vorlagen\20100125\EDWFRM88.DOT;EDWFRM88.DOT;DOT;44544;2009-01-28T09:03:36.203000Z;Archive;a2da78f39bf922fe2d110be3a4defe37767277ddf4577d20decc8f46f62f758e;OLE-Compound-Document;;Vorlage;"Dokument- oder Formularvorlage; nur statisch untersucht.";"Metadaten, SHA-256 und Header statisch erfasst; nicht ausgefuehrt.";Welcher Ausloeser und welche aktuelle Dokumentvariante gelten?
SRC-DAT-0092;EDW3DAT;gesicherte Vorlagen\20100125\EDWFRM89.DOT;EDWFRM89.DOT;DOT;45056;2009-01-28T09:04:42.343000Z;Archive;722256125035aa659d3169b3a9f3aa0775478e5ad019669b87e37c04fac212de;OLE-Compound-Document;;Vorlage;"Dokument- oder Formularvorlage; nur statisch untersucht.";"Metadaten, SHA-256 und Header statisch erfasst; nicht ausgefuehrt.";Welcher Ausloeser und welche aktuelle Dokumentvariante gelten?
SRC-DAT-0093;EDW3DAT;gesicherte Vorlagen\20100125\EDWFRM90.DOT;EDWFRM90.DOT;DOT;45568;2009-01-28T09:05:47.656000Z;Archive;c0624ce72cee478b78cf30eb06997b9e99d62c2d463c3e37df7e07fafe78fe5a;OLE-Compound-Document;;Vorlage;"Dokument- oder Formularvorlage; nur statisch untersucht.";"Metadaten, SHA-256 und Header statisch erfasst; nicht ausgefuehrt.";Welcher Ausloeser und welche aktuelle Dokumentvariante gelten?
SRC-DAT-0094;EDW3DAT;gesicherte Vorlagen\20100125\EDWFRM90.SIK.DOT;EDWFRM90.SIK.DOT;DOT;46592;2008-04-23T12:15:23.203000Z;Archive;e41b5b67c5b75c7b75392c1cbd2f94e83a491ce63dd4717c330809505eaa525f;OLE-Compound-Document;;Vorlage;"Dokument- oder Formularvorlage; nur statisch untersucht.";"Metadaten, SHA-256 und Header statisch erfasst; nicht ausgefuehrt.";Welcher Ausloeser und welche aktuelle Dokumentvariante gelten?
SRC-DAT-0095;EDW3DAT;GRAFIK.TXT;GRAFIK.TXT;TXT;2;2026-08-04T15:02:11.997784Z;Archive;7eb70257593da06f682a3ddda54a9d260d4fc514f645237f5ca74b08f8da61a6;unbekanntes Binaerformat;;Bericht/Auswertung;Bericht, Auswertung oder lesbare technische Unterlage.;"Metadaten, SHA-256 und Header statisch erfasst; nicht ausgefuehrt.";Wird die Komponente/Funktion heute genutzt und in welchem Prozess?
SRC-DAT-0096;EDW3DAT;KASSENZ.DAT;KASSENZ.DAT;DAT;128;2001-03-20T10:18:00Z;Archive;84c661cb867aa6330d940e9e92d9d2d69d5f4b90fb2c394e7c29063b455bc764;unbekanntes Binaerformat;KASSENZ.IDX;Daten;"Moeglicher fachlicher Datenbestand; Inhalte wurden nicht exportiert.";"Metadaten, SHA-256 und Header erfasst; keine Datensaetze exportiert, kein Index geoeffnet oder repariert.";Welche fachliche Bedeutung, Schluessel und Aufbewahrungsregeln gelten?
SRC-DAT-0097;EDW3DAT;KASSENZ.IDX;KASSENZ.IDX;IDX;8192;2001-03-20T10:18:00Z;Archive;8c71e47e9b0cc5c9753e51982e6ec03ccc4862f800e55383dc553a534e7bd732;unbekanntes Binaerformat;KASSENZ.DAT;Index;"Partnerindex zu einem Datenbestand; nicht geoeffnet oder repariert.";"Metadaten, SHA-256 und Header erfasst; keine Datensaetze exportiert, kein Index geoeffnet oder repariert.";Welche fachliche Bedeutung, Schluessel und Aufbewahrungsregeln gelten?
SRC-DAT-0098;EDW3DAT;LISTE.LST;LISTE.LST;LST;2906;2007-01-09T07:58:22.750000Z;Archive;cff0e7779f164436270ed58ee2d1ce4a443c53d2e0b09c99a03b0c3bf5db971d;Text/ASCII- oder ANSI-nah;;Bericht/Auswertung;Bericht, Auswertung oder lesbare technische Unterlage.;"Metadaten, SHA-256 und Header statisch erfasst; nicht ausgefuehrt.";Wird die Komponente/Funktion heute genutzt und in welchem Prozess?
SRC-DAT-0099;EDW3DAT;LOG00;LOG00;(keine);18655;2006-05-02T15:13:18Z;Archive;e0a7d04cd20be934a6fa4b0cabe72ff16ad08f42e603a92dfc9ad4c7a79e6791;Text/ASCII- oder ANSI-nah;;unbekannt;Funktion oder Format noch nicht sicher bestimmbar.;"Metadaten, SHA-256 und Header statisch erfasst; nicht ausgefuehrt.";Wie sind Format und Aufgabe ohne schreibenden Zugriff sicher zu bestaetigen?
SRC-DAT-0100;EDW3DAT;LOG01;LOG01;(keine);0;2007-02-13T14:02:39.750000Z;Archive;e3b0c44298fc1c149afbf4c8996fb92427ae41e4649b934ca495991b7852b855;leer;;unbekannt;Funktion oder Format noch nicht sicher bestimmbar.;"Metadaten, SHA-256 und Header statisch erfasst; nicht ausgefuehrt.";Wie sind Format und Aufgabe ohne schreibenden Zugriff sicher zu bestaetigen?
SRC-DAT-0101;EDW3DAT;LOG02;LOG02;(keine);0;2010-01-25T10:55:43.804875Z;Archive;e3b0c44298fc1c149afbf4c8996fb92427ae41e4649b934ca495991b7852b855;leer;;unbekannt;Funktion oder Format noch nicht sicher bestimmbar.;"Metadaten, SHA-256 und Header statisch erfasst; nicht ausgefuehrt.";Wie sind Format und Aufgabe ohne schreibenden Zugriff sicher zu bestaetigen?
SRC-DAT-0102;EDW3DAT;LOG03;LOG03;(keine);76;2021-06-14T11:08:51.800559Z;Archive;dccbd46727a8aa1058a376d26d049d5edf386ddf9e3bb3234c6418f3c995ba90;Text/ASCII- oder ANSI-nah;;unbekannt;Funktion oder Format noch nicht sicher bestimmbar.;"Metadaten, SHA-256 und Header statisch erfasst; nicht ausgefuehrt.";Wie sind Format und Aufgabe ohne schreibenden Zugriff sicher zu bestaetigen?
SRC-DAT-0103;EDW3DAT;LOG04;LOG04;(keine);0;2024-02-13T16:02:21.712637Z;Archive;e3b0c44298fc1c149afbf4c8996fb92427ae41e4649b934ca495991b7852b855;leer;;unbekannt;Funktion oder Format noch nicht sicher bestimmbar.;"Metadaten, SHA-256 und Header statisch erfasst; nicht ausgefuehrt.";Wie sind Format und Aufgabe ohne schreibenden Zugriff sicher zu bestaetigen?
SRC-DAT-0104;EDW3DAT;LOG05;LOG05;(keine);0;2024-06-10T09:07:20.601298Z;Archive;e3b0c44298fc1c149afbf4c8996fb92427ae41e4649b934ca495991b7852b855;leer;;unbekannt;Funktion oder Format noch nicht sicher bestimmbar.;"Metadaten, SHA-256 und Header statisch erfasst; nicht ausgefuehrt.";Wie sind Format und Aufgabe ohne schreibenden Zugriff sicher zu bestaetigen?
SRC-DAT-0105;EDW3DAT;LOG10;LOG10;(keine);324;2001-04-04T10:11:38Z;Archive;42e66c718239f9b6a85138c0aa2d1db5e89b1a8723ebd6a5356623bc0b65759a;Text/ASCII- oder ANSI-nah;;unbekannt;Funktion oder Format noch nicht sicher bestimmbar.;"Metadaten, SHA-256 und Header statisch erfasst; nicht ausgefuehrt.";Wie sind Format und Aufgabe ohne schreibenden Zugriff sicher zu bestaetigen?
SRC-DAT-0106;EDW3DAT;LOG99;LOG99;(keine);2324;2001-03-16T09:00:44Z;Archive;b616e406d2d80d95148a287004c447b3b272acef3e7ce2bd8c40b07c2c736701;Text/ASCII- oder ANSI-nah;;unbekannt;Funktion oder Format noch nicht sicher bestimmbar.;"Metadaten, SHA-256 und Header statisch erfasst; nicht ausgefuehrt.";Wie sind Format und Aufgabe ohne schreibenden Zugriff sicher zu bestaetigen?
SRC-DAT-0107;EDW3DAT;PKZIP.EXE;PKZIP.EXE;EXE;42166;1993-02-01T00:04:16Z;Archive;900149dcbadcec47e4dd3ca658f1adaf10ae9548e469f372b2e3174b9696d2a5;PE/Windows-Programmdatei;;Wartungswerkzeug;"Wartungs-, Installations- oder Reorganisationsartefakt; nie ausgefuehrt.";"Metadaten, SHA-256 und Header statisch erfasst; nicht ausgefuehrt.";Ist das Artefakt produktiv, optional, historisch oder nur mitgeliefert?
SRC-DAT-0108;EDW3DAT;PLAN.DOT;PLAN.DOT;DOT;166912;2001-04-04T10:01:52Z;Archive;1d774d0949e5375d9b31bdd4bdfdf1cd319b90acf7d32d64f8f64f53d00328fb;OLE-Compound-Document;;Vorlage;"Dokument- oder Formularvorlage; nur statisch untersucht.";"Metadaten, SHA-256 und Header statisch erfasst; nicht ausgefuehrt.";Welcher Ausloeser und welche aktuelle Dokumentvariante gelten?
SRC-DAT-0109;EDW3DAT;PLAN.TXT;PLAN.TXT;TXT;568;1997-12-17T13:49:04Z;Archive;653d231daae3b9424499d0021ba37fc1a06be1191a9e89a762bb6d0a415495a5;Text/ASCII- oder ANSI-nah;;Bericht/Auswertung;Bericht, Auswertung oder lesbare technische Unterlage.;"Metadaten, SHA-256 und Header statisch erfasst; nicht ausgefuehrt.";Wird die Komponente/Funktion heute genutzt und in welchem Prozess?
SRC-DAT-0110;EDW3DAT;rebuild.err;rebuild.err;ERR;1176780;2007-07-24T08:25:35.968750Z;Archive;1fc1c32c99228a602cc1cceee91110f5392f048a965b7000d754c7a067619584;unbekanntes Binaerformat;;Protokoll;"Betriebs-, Fehler- oder temporaeres Artefakt; keine Rohinhalte dokumentiert.";"Metadaten, SHA-256 und Header statisch erfasst; nicht ausgefuehrt.";Ist das Artefakt produktiv, optional, historisch oder nur mitgeliefert?
SRC-DAT-0111;EDW3DAT;REBUILD.EXE;REBUILD.EXE;EXE;535286;1995-10-05T00:50:00Z;Archive;4db4ec69dfcbceb2b93a24c403852de2721da5c6d031930af8c05603bc202c69;PE/Windows-Programmdatei;;Wartungswerkzeug;"Wartungs-, Installations- oder Reorganisationsartefakt; nie ausgefuehrt.";"Metadaten, SHA-256 und Header statisch erfasst; nicht ausgefuehrt.";Ist das Artefakt produktiv, optional, historisch oder nur mitgeliefert?
SRC-DAT-0112;EDW3DAT;REORG-W.BAT;REORG-W.BAT;BAT;3674;1999-11-17T17:48:34Z;Archive;f6c737878d1634b14e8b3b2bea77166be65b393e3fe6688918bf6d53e0c473bc;Text/ASCII- oder ANSI-nah;;Wartungswerkzeug;"Wartungs-, Installations- oder Reorganisationsartefakt; nie ausgefuehrt.";"Metadaten, SHA-256 und Header statisch erfasst; nicht ausgefuehrt.";Ist das Artefakt produktiv, optional, historisch oder nur mitgeliefert?
SRC-DAT-0113;EDW3DAT;REORG-W.LOG;REORG-W.LOG;LOG;435;2003-04-29T16:07:12Z;Archive;de433dee3298a8df9bdf67d245ac00b027dda7132972f27db42081e20a9e45bb;Text/ASCII- oder ANSI-nah;;Protokoll;"Betriebs-, Fehler- oder temporaeres Artefakt; keine Rohinhalte dokumentiert.";"Metadaten, SHA-256 und Header statisch erfasst; nicht ausgefuehrt.";Ist das Artefakt produktiv, optional, historisch oder nur mitgeliefert?
SRC-DAT-0114;EDW3DAT;REORG.BAT;REORG.BAT;BAT;2341;1997-04-22T09:16:34Z;Archive;835b0e431eddf95671a8a90cbc346e429815456eb6f56c083a1ee37dc7768c2c;Text/ASCII- oder ANSI-nah;;Wartungswerkzeug;"Wartungs-, Installations- oder Reorganisationsartefakt; nie ausgefuehrt.";"Metadaten, SHA-256 und Header statisch erfasst; nicht ausgefuehrt.";Ist das Artefakt produktiv, optional, historisch oder nur mitgeliefert?
SRC-DAT-0115;EDW3DAT;STATIST.DAT;STATIST.DAT;DAT;22454060;2026-07-28T12:34:44.839864Z;Archive;3f8813167a491347ed838a0b66f92db40ad591cbc9be9ec9f51c9c4bc2c88711;unbekanntes Binaerformat;STATIST.idx;Daten;"Moeglicher fachlicher Datenbestand; Inhalte wurden nicht exportiert.";"Metadaten, SHA-256 und Header erfasst; keine Datensaetze exportiert, kein Index geoeffnet oder repariert.";Welche fachliche Bedeutung, Schluessel und Aufbewahrungsregeln gelten?
SRC-DAT-0116;EDW3DAT;STATIST.idx;STATIST.idx;IDX;816128;2026-07-28T12:34:44.861533Z;Archive;3713472d3b81278a80d1f19bd3c265053fd753f59f33949a3c35748e1a2efda7;unbekanntes Binaerformat;STATIST.DAT;Index;"Partnerindex zu einem Datenbestand; nicht geoeffnet oder repariert.";"Metadaten, SHA-256 und Header erfasst; keine Datensaetze exportiert, kein Index geoeffnet oder repariert.";Welche fachliche Bedeutung, Schluessel und Aufbewahrungsregeln gelten?
SRC-DAT-0117;EDW3DAT;update.ini;update.ini;INI;20;2003-05-19T09:45:02Z;Archive;28c31d3da35debe44b92630afe82d3aa95bd5de51897dc178d83d79e6b410f5d;Text/ASCII- oder ANSI-nah;;Konfiguration;"Betriebs-, Funktions- oder Drucksteuerung; Werte werden nicht offengelegt.";"Metadaten, SHA-256 und Header statisch erfasst; nicht ausgefuehrt.";"Welche Schluessel sind produktiv relevant; welche Werte duerfen spaeter migriert werden?"
SRC-DAT-0118;EDW3DAT;W001.dat;W001.dat;DAT;2956;2026-07-28T12:34:44.563542Z;Archive;45299bb1ea6974f57e3ed2aa62d479ffde100399277a0e99d2d0adb8aed0a520;unbekanntes Binaerformat;W001.idx;Daten;"Moeglicher fachlicher Datenbestand; Inhalte wurden nicht exportiert.";"Metadaten, SHA-256 und Header erfasst; keine Datensaetze exportiert, kein Index geoeffnet oder repariert.";Welche fachliche Bedeutung, Schluessel und Aufbewahrungsregeln gelten?
SRC-DAT-0119;EDW3DAT;W001.idx;W001.idx;IDX;3072;2026-01-05T09:42:52.071369Z;Archive;7ab2b0f91558ffda30630fbbfa81dc789baa3c70107a0b1c68c451d0cd50676c;unbekanntes Binaerformat;W001.dat;Index;"Partnerindex zu einem Datenbestand; nicht geoeffnet oder repariert.";"Metadaten, SHA-256 und Header erfasst; keine Datensaetze exportiert, kein Index geoeffnet oder repariert.";Welche fachliche Bedeutung, Schluessel und Aufbewahrungsregeln gelten?
SRC-DAT-0120;EDW3DAT;W004.dat;W004.dat;DAT;3296;2026-08-04T08:26:28.134446Z;Archive;5cf60f432aeb1731300924cc9860bb363ea66412c5595b40425dd3589f49b552;unbekanntes Binaerformat;W004.idx;Daten;"Moeglicher fachlicher Datenbestand; Inhalte wurden nicht exportiert.";"Metadaten, SHA-256 und Header erfasst; keine Datensaetze exportiert, kein Index geoeffnet oder repariert.";Welche fachliche Bedeutung, Schluessel und Aufbewahrungsregeln gelten?
SRC-DAT-0121;EDW3DAT;W004.idx;W004.idx;IDX;3072;2026-07-28T12:04:07.659223Z;Archive;01953d54a2e6339ff16012c0d2d5d921abe34f23b184bd8378c6906f906a46ed;unbekanntes Binaerformat;W004.dat;Index;"Partnerindex zu einem Datenbestand; nicht geoeffnet oder repariert.";"Metadaten, SHA-256 und Header erfasst; keine Datensaetze exportiert, kein Index geoeffnet oder repariert.";Welche fachliche Bedeutung, Schluessel und Aufbewahrungsregeln gelten?
SRC-DAT-0122;EDW3DAT;W005.dat;W005.dat;DAT;13256;2026-01-05T06:05:09.530436Z;Archive;9b1ec5b7d42e222d7b1fbd2c5b61ca1cd55033affcc2c99009358315ec7c0a4c;unbekanntes Binaerformat;W005.idx;Daten;"Moeglicher fachlicher Datenbestand; Inhalte wurden nicht exportiert.";"Metadaten, SHA-256 und Header erfasst; keine Datensaetze exportiert, kein Index geoeffnet oder repariert.";Welche fachliche Bedeutung, Schluessel und Aufbewahrungsregeln gelten?
SRC-DAT-0123;EDW3DAT;W005.idx;W005.idx;IDX;4096;2026-01-05T06:05:09.546036Z;Archive;470c18484f52578448ef76a51361ac89fb629b5b2c46fcfbd759d80b442c50cf;unbekanntes Binaerformat;W005.dat;Index;"Partnerindex zu einem Datenbestand; nicht geoeffnet oder repariert.";"Metadaten, SHA-256 und Header erfasst; keine Datensaetze exportiert, kein Index geoeffnet oder repariert.";Welche fachliche Bedeutung, Schluessel und Aufbewahrungsregeln gelten?
SRC-DAT-0124;EDW3DAT;W005dm.dat;W005dm.dat;DAT;13224;2002-01-31T14:42:54Z;Archive;9bb5224c35752c4011021b0cf7fdbcb86cb42f8a0119b821f35ff652e24417b0;unbekanntes Binaerformat;W005dm.idx;Daten;"Moeglicher fachlicher Datenbestand; Inhalte wurden nicht exportiert.";"Metadaten, SHA-256 und Header erfasst; keine Datensaetze exportiert, kein Index geoeffnet oder repariert.";Welche fachliche Bedeutung, Schluessel und Aufbewahrungsregeln gelten?
SRC-DAT-0125;EDW3DAT;W005dm.idx;W005dm.idx;IDX;5120;2002-01-31T14:42:54Z;Archive;cd0f39a3c34ff43f32a97fdc46fcc8a34824050ce870cb0607a7d6280fc0c653;unbekanntes Binaerformat;W005dm.dat;Index;"Partnerindex zu einem Datenbestand; nicht geoeffnet oder repariert.";"Metadaten, SHA-256 und Header erfasst; keine Datensaetze exportiert, kein Index geoeffnet oder repariert.";Welche fachliche Bedeutung, Schluessel und Aufbewahrungsregeln gelten?
SRC-DAT-0126;EDW3DAT;W006.dat;W006.dat;DAT;31320;2026-02-26T09:38:11.545870Z;Archive;8097602c3687ed622013f97aa3ca4ce58e1898ec3c37b686518fdcd5a70ad3cc;unbekanntes Binaerformat;W006.idx;Daten;"Moeglicher fachlicher Datenbestand; Inhalte wurden nicht exportiert.";"Metadaten, SHA-256 und Header erfasst; keine Datensaetze exportiert, kein Index geoeffnet oder repariert.";Welche fachliche Bedeutung, Schluessel und Aufbewahrungsregeln gelten?
SRC-DAT-0127;EDW3DAT;W006.idx;W006.idx;IDX;8192;2026-02-26T09:38:11.561469Z;Archive;16f72450c3d6bdf8a65c65fde491e41f958006b947ee33d316f4407f695e926c;unbekanntes Binaerformat;W006.dat;Index;"Partnerindex zu einem Datenbestand; nicht geoeffnet oder repariert.";"Metadaten, SHA-256 und Header erfasst; keine Datensaetze exportiert, kein Index geoeffnet oder repariert.";Welche fachliche Bedeutung, Schluessel und Aufbewahrungsregeln gelten?
SRC-DAT-0128;EDW3DAT;W006dm.dat;W006dm.dat;DAT;133184;2002-01-31T14:45:32Z;Archive;ad5464a316ac2a1562fa4fa0f03c323d3749b633699510e5773545bdfc533db9;unbekanntes Binaerformat;W006dm.idx;Daten;"Moeglicher fachlicher Datenbestand; Inhalte wurden nicht exportiert.";"Metadaten, SHA-256 und Header erfasst; keine Datensaetze exportiert, kein Index geoeffnet oder repariert.";Welche fachliche Bedeutung, Schluessel und Aufbewahrungsregeln gelten?
SRC-DAT-0129;EDW3DAT;W006dm.idx;W006dm.idx;IDX;10240;2002-01-31T14:45:32Z;Archive;5539270367c10947586ad2670ef07bc4ba2fc9af354c9c3e070cd67eff027e27;unbekanntes Binaerformat;W006dm.dat;Index;"Partnerindex zu einem Datenbestand; nicht geoeffnet oder repariert.";"Metadaten, SHA-256 und Header erfasst; keine Datensaetze exportiert, kein Index geoeffnet oder repariert.";Welche fachliche Bedeutung, Schluessel und Aufbewahrungsregeln gelten?
SRC-DAT-0130;EDW3DAT;W007.dat;W007.dat;DAT;960;2007-07-24T08:25:31.250000Z;Archive;e2e1c6604fe52ec4d12c16226cf80b03fd6ac325e5ec17592c052fabe094b840;unbekanntes Binaerformat;W007.idx;Daten;"Moeglicher fachlicher Datenbestand; Inhalte wurden nicht exportiert.";"Metadaten, SHA-256 und Header erfasst; keine Datensaetze exportiert, kein Index geoeffnet oder repariert.";Welche fachliche Bedeutung, Schluessel und Aufbewahrungsregeln gelten?
SRC-DAT-0131;EDW3DAT;W007.idx;W007.idx;IDX;4096;2007-07-24T08:25:31.250000Z;Archive;74bb91cb3772e0c549634960da6a91cf81d4c45395e607eb5610e4a82ea7d8d3;unbekanntes Binaerformat;W007.dat;Index;"Partnerindex zu einem Datenbestand; nicht geoeffnet oder repariert.";"Metadaten, SHA-256 und Header erfasst; keine Datensaetze exportiert, kein Index geoeffnet oder repariert.";Welche fachliche Bedeutung, Schluessel und Aufbewahrungsregeln gelten?
SRC-DAT-0132;EDW3DAT;W010.dat;W010.dat;DAT;608;2023-07-31T12:46:51.367310Z;Archive;d4c9173427997fef8b979e5604481fbe75bdec404ed03ff5d93658377a993bbd;unbekanntes Binaerformat;W010.idx;Daten;"Moeglicher fachlicher Datenbestand; Inhalte wurden nicht exportiert.";"Metadaten, SHA-256 und Header erfasst; keine Datensaetze exportiert, kein Index geoeffnet oder repariert.";Welche fachliche Bedeutung, Schluessel und Aufbewahrungsregeln gelten?
SRC-DAT-0133;EDW3DAT;W010.idx;W010.idx;IDX;4096;2023-07-31T12:46:51.367310Z;Archive;3d082955b3e480adcb74c0b71c45145e8cd7eb6f50d51b8e45e3006cab2554fa;unbekanntes Binaerformat;W010.dat;Index;"Partnerindex zu einem Datenbestand; nicht geoeffnet oder repariert.";"Metadaten, SHA-256 und Header erfasst; keine Datensaetze exportiert, kein Index geoeffnet oder repariert.";Welche fachliche Bedeutung, Schluessel und Aufbewahrungsregeln gelten?
SRC-DAT-0134;EDW3DAT;W020.dat;W020.dat;DAT;2191632;2026-08-04T08:26:29.509188Z;Archive;de2830e1924f8c6605141824495b4106262182947bf3fa7f7e9d562d966c2964;unbekanntes Binaerformat;W020.idx;Daten;"Moeglicher fachlicher Datenbestand; Inhalte wurden nicht exportiert.";"Metadaten, SHA-256 und Header erfasst; keine Datensaetze exportiert, kein Index geoeffnet oder repariert.";Welche fachliche Bedeutung, Schluessel und Aufbewahrungsregeln gelten?
SRC-DAT-0135;EDW3DAT;W020.idx;W020.idx;IDX;1850368;2026-08-04T08:26:29.506953Z;Archive;aa15e4cf103067c3469414772e618e687a6d3bd49fcaa92ca381264362469e08;unbekanntes Binaerformat;W020.dat;Index;"Partnerindex zu einem Datenbestand; nicht geoeffnet oder repariert.";"Metadaten, SHA-256 und Header erfasst; keine Datensaetze exportiert, kein Index geoeffnet oder repariert.";Welche fachliche Bedeutung, Schluessel und Aufbewahrungsregeln gelten?
SRC-DAT-0136;EDW3DAT;W021.dat;W021.dat;DAT;13943752;2026-08-04T08:25:40.297677Z;Archive;28d59d47b2746930eb38311f384358369c189e5679c0cc6e810e41885d25e889;unbekanntes Binaerformat;W021.idx;Daten;"Moeglicher fachlicher Datenbestand; Inhalte wurden nicht exportiert.";"Metadaten, SHA-256 und Header erfasst; keine Datensaetze exportiert, kein Index geoeffnet oder repariert.";Welche fachliche Bedeutung, Schluessel und Aufbewahrungsregeln gelten?
SRC-DAT-0137;EDW3DAT;W021.idx;W021.idx;IDX;2755584;2026-08-04T08:25:40.283200Z;Archive;537c78e287e7af6a980c9ac663834ae368b04713dbd54963df92109cf07b57ca;unbekanntes Binaerformat;W021.dat;Index;"Partnerindex zu einem Datenbestand; nicht geoeffnet oder repariert.";"Metadaten, SHA-256 und Header erfasst; keine Datensaetze exportiert, kein Index geoeffnet oder repariert.";Welche fachliche Bedeutung, Schluessel und Aufbewahrungsregeln gelten?
SRC-DAT-0138;EDW3DAT;W022.dat;W022.dat;DAT;685836;2026-08-04T08:26:28.136457Z;Archive;aaa1494cb6b1d35c17caf1990bf56dddd5de2fd2942c73dc0cf103d70a607002;unbekanntes Binaerformat;W022.idx;Daten;"Moeglicher fachlicher Datenbestand; Inhalte wurden nicht exportiert.";"Metadaten, SHA-256 und Header erfasst; keine Datensaetze exportiert, kein Index geoeffnet oder repariert.";Welche fachliche Bedeutung, Schluessel und Aufbewahrungsregeln gelten?
SRC-DAT-0139;EDW3DAT;W022.idx;W022.idx;IDX;100352;2026-08-04T08:26:28.135752Z;Archive;f09ac67262644f9bf9ace42a294cefbb2e99b7790942609db3459c889da1e1b5;unbekanntes Binaerformat;W022.dat;Index;"Partnerindex zu einem Datenbestand; nicht geoeffnet oder repariert.";"Metadaten, SHA-256 und Header erfasst; keine Datensaetze exportiert, kein Index geoeffnet oder repariert.";Welche fachliche Bedeutung, Schluessel und Aufbewahrungsregeln gelten?
SRC-DAT-0140;EDW3DAT;W023.dat;W023.dat;DAT;57264;2026-07-21T11:24:24.091745Z;Archive;a8fa86ed1dd6689476e440416f5e596ab97c4287c163a0da762973bbb23f1bda;unbekanntes Binaerformat;W023.idx;Daten;"Moeglicher fachlicher Datenbestand; Inhalte wurden nicht exportiert.";"Metadaten, SHA-256 und Header erfasst; keine Datensaetze exportiert, kein Index geoeffnet oder repariert.";Welche fachliche Bedeutung, Schluessel und Aufbewahrungsregeln gelten?
SRC-DAT-0141;EDW3DAT;W023.idx;W023.idx;IDX;22528;2026-07-21T11:24:24.091745Z;Archive;972799decfe32958c32d5a9adc76d0309d665e3b3b54ea2beaaadd722e6ded8e;unbekanntes Binaerformat;W023.dat;Index;"Partnerindex zu einem Datenbestand; nicht geoeffnet oder repariert.";"Metadaten, SHA-256 und Header erfasst; keine Datensaetze exportiert, kein Index geoeffnet oder repariert.";Welche fachliche Bedeutung, Schluessel und Aufbewahrungsregeln gelten?
SRC-DAT-0142;EDW3DAT;W040.dat;W040.dat;DAT;347760;2025-02-26T07:21:53.714575Z;Archive;40dfcd625590385a01819f5788cd6e37c0bc8d1f81fcef61074d8447a846b802;unbekanntes Binaerformat;W040.idx;Daten;"Moeglicher fachlicher Datenbestand; Inhalte wurden nicht exportiert.";"Metadaten, SHA-256 und Header erfasst; keine Datensaetze exportiert, kein Index geoeffnet oder repariert.";Welche fachliche Bedeutung, Schluessel und Aufbewahrungsregeln gelten?
SRC-DAT-0143;EDW3DAT;W040.idx;W040.idx;IDX;65536;2025-02-26T07:21:53.730175Z;Archive;f0ade806ad1c0a24cc0ce054793f2e1de09d263dec45e565e7bc344e55188c9d;unbekanntes Binaerformat;W040.dat;Index;"Partnerindex zu einem Datenbestand; nicht geoeffnet oder repariert.";"Metadaten, SHA-256 und Header erfasst; keine Datensaetze exportiert, kein Index geoeffnet oder repariert.";Welche fachliche Bedeutung, Schluessel und Aufbewahrungsregeln gelten?
SRC-DAT-0144;EDW3DAT;W040alt.dat;W040alt.dat;DAT;793764;2002-01-14T06:19:30Z;Archive;68b59401cd5708ac564c731c330633ffdecce475b07e3050acbe35dc5990dffd;unbekanntes Binaerformat;W040alt.idx;Daten;"Moeglicher fachlicher Datenbestand; Inhalte wurden nicht exportiert.";"Metadaten, SHA-256 und Header erfasst; keine Datensaetze exportiert, kein Index geoeffnet oder repariert.";Welche fachliche Bedeutung, Schluessel und Aufbewahrungsregeln gelten?
SRC-DAT-0145;EDW3DAT;W040alt.idx;W040alt.idx;IDX;50176;2002-01-14T06:19:30Z;Archive;6133f59e810e5c892cd32c220f83929b22718876cac63fcd19c4ece29b9fedae;unbekanntes Binaerformat;W040alt.dat;Index;"Partnerindex zu einem Datenbestand; nicht geoeffnet oder repariert.";"Metadaten, SHA-256 und Header erfasst; keine Datensaetze exportiert, kein Index geoeffnet oder repariert.";Welche fachliche Bedeutung, Schluessel und Aufbewahrungsregeln gelten?
SRC-DAT-0146;EDW3DAT;W080.dat;W080.dat;DAT;6456;2007-07-24T08:25:33.046875Z;Archive;4c3b09c391b084a38da44caa38b1a5bf5d81e5be793263b96eec7f706b848c91;unbekanntes Binaerformat;W080.idx;Daten;"Moeglicher fachlicher Datenbestand; Inhalte wurden nicht exportiert.";"Metadaten, SHA-256 und Header erfasst; keine Datensaetze exportiert, kein Index geoeffnet oder repariert.";Welche fachliche Bedeutung, Schluessel und Aufbewahrungsregeln gelten?
SRC-DAT-0147;EDW3DAT;W080.idx;W080.idx;IDX;15360;2007-07-24T08:25:33.046875Z;Archive;737eca90afcfa489ac018ab7075121a7c383f74b6eb938e994da1ad222bf8032;unbekanntes Binaerformat;W080.dat;Index;"Partnerindex zu einem Datenbestand; nicht geoeffnet oder repariert.";"Metadaten, SHA-256 und Header erfasst; keine Datensaetze exportiert, kein Index geoeffnet oder repariert.";Welche fachliche Bedeutung, Schluessel und Aufbewahrungsregeln gelten?
SRC-DAT-0148;EDW3DAT;ZIP2EXE.EXE;ZIP2EXE.EXE;EXE;27319;1993-02-01T00:04:16Z;Archive;32e35eab13daccd0145917a959416d0676c29a63c52940ee732d858883845104;PE/Windows-Programmdatei;;Wartungswerkzeug;"Wartungs-, Installations- oder Reorganisationsartefakt; nie ausgefuehrt.";"Metadaten, SHA-256 und Header statisch erfasst; nicht ausgefuehrt.";Ist das Artefakt produktiv, optional, historisch oder nur mitgeliefert?
SRC-DAT-0149;EDW3DAT;~$w_sd01.txt;~$w_sd01.txt;TXT;162;2021-07-20T13:56:49.972532Z;"Hidden; Archive";808512d839ce73e77613e8ae8d77e6f6cd5df45fe72b2a7db4fd63488441e5aa;unbekanntes Binaerformat;;Protokoll;"Betriebs-, Fehler- oder temporaeres Artefakt; keine Rohinhalte dokumentiert.";"Metadaten, SHA-256 und Header statisch erfasst; nicht ausgefuehrt.";Ist das Artefakt produktiv, optional, historisch oder nur mitgeliefert?
SRC-DAT-0150;EDW3DAT;~$WFRM30.DOT;~$WFRM30.DOT;DOT;162;2021-07-20T13:56:48.989732Z;"Hidden; Archive";bce42f566a27077b11c919d1f3f1813ec12346c7b27001846ff7a85b7e9d771b;unbekanntes Binaerformat;;Protokoll;"Betriebs-, Fehler- oder temporaeres Artefakt; keine Rohinhalte dokumentiert.";"Metadaten, SHA-256 und Header statisch erfasst; nicht ausgefuehrt.";Ist das Artefakt produktiv, optional, historisch oder nur mitgeliefert?
SRC-APP-0001;edwalt3;_BTRV.GNT;_BTRV.GNT;GNT;3064;2000-04-13T01:11:00Z;Archive;74bc73067d71ae6ad299c7fb38b719920ec0470a9211daa43bb36c1103c715ac;unbekanntes Binaerformat;;Fachmodul;"Moegliche Fach- oder Zusatzfunktion; Aufgabe anhand weiterer Evidenz zu klaeren.";"Metadaten, SHA-256 und Header statisch erfasst; nicht ausgefuehrt.";Wird die Komponente/Funktion heute genutzt und in welchem Prozess?
SRC-APP-0002;edwalt3;_INST32I.EX_;_INST32I.EX_;EX_;316789;1996-07-24T04:00:00Z;Archive;31ec978dc2146db28a185aff1c188b8b1d05b394f043489523588e863d188fdf;unbekanntes Binaerformat;;unbekannt;Funktion oder Format noch nicht sicher bestimmbar.;"Metadaten, SHA-256 und Header statisch erfasst; nicht ausgefuehrt.";Wie sind Format und Aufgabe ohne schreibenden Zugriff sicher zu bestaetigen?
SRC-APP-0003;edwalt3;_ISDEL.EXE;_ISDEL.EXE;EXE;8192;1995-09-07T20:22:40Z;Archive;b526045cdf964674851fe70b54c1b486a78647be1aecb66bccc61d0a56eba183;PE/Windows-Programmdatei;;Wartungswerkzeug;"Wartungs-, Installations- oder Reorganisationsartefakt; nie ausgefuehrt.";"Metadaten, SHA-256 und Header statisch erfasst; nicht ausgefuehrt.";Ist das Artefakt produktiv, optional, historisch oder nur mitgeliefert?
SRC-APP-0004;edwalt3;_SETUP.DLL;_SETUP.DLL;DLL;5984;1996-04-29T08:25:22Z;Archive;bd714290cb4303453a83620914a50b5f78a8af0ad562d6a799f6ee0bd7f06056;PE/Windows-Programmdatei;;Wartungswerkzeug;"Wartungs-, Installations- oder Reorganisationsartefakt; nie ausgefuehrt.";"Metadaten, SHA-256 und Header statisch erfasst; nicht ausgefuehrt.";Ist das Artefakt produktiv, optional, historisch oder nur mitgeliefert?
SRC-APP-0005;edwalt3;_SETUP.LIB;_SETUP.LIB;LIB;482218;2000-04-07T13:44:46Z;Archive;5993b06deccdc49da080e6308d9df0157e09fa6a3689051df5cc40f646e37966;unbekanntes Binaerformat;;Wartungswerkzeug;"Wartungs-, Installations- oder Reorganisationsartefakt; nie ausgefuehrt.";"Metadaten, SHA-256 und Header statisch erfasst; nicht ausgefuehrt.";Ist das Artefakt produktiv, optional, historisch oder nur mitgeliefert?
SRC-APP-0006;edwalt3;_SQLODBC.DLL;_SQLODBC.DLL;DLL;40960;2000-04-13T01:11:00Z;Archive;a6563621e9b724026a212cc549c516f808150fd018afc82d3956d3b77359f899;PE/Windows-Programmdatei;;Laufzeitbibliothek;Technische Laufzeit- oder Kommunikationsabhaengigkeit.;"Metadaten, SHA-256 und Header statisch erfasst; nicht ausgefuehrt.";Ist das Artefakt produktiv, optional, historisch oder nur mitgeliefert?
SRC-APP-0007;edwalt3;ACCCGI.DLL;ACCCGI.DLL;DLL;40960;2000-04-13T01:11:00Z;Archive;24899b5ddad93f3acd9e3d9b6c008bb47066e7223ba069caf0d1ac916cfa7d72;PE/Windows-Programmdatei;;Laufzeitbibliothek;Technische Laufzeit- oder Kommunikationsabhaengigkeit.;"Metadaten, SHA-256 und Header statisch erfasst; nicht ausgefuehrt.";Ist das Artefakt produktiv, optional, historisch oder nur mitgeliefert?
SRC-APP-0008;edwalt3;ACCCGI.INT;ACCCGI.INT;INT;7168;2000-04-13T01:11:00Z;Archive;b4d85f209eb337c07147b3d8fe660ee0bb80c65ee13f142ea11fa55e0e9cbdd7;unbekanntes Binaerformat;;Konfiguration;"Betriebs-, Funktions- oder Drucksteuerung; Werte werden nicht offengelegt.";"Metadaten, SHA-256 und Header statisch erfasst; nicht ausgefuehrt.";"Welche Schluessel sind produktiv relevant; welche Werte duerfen spaeter migriert werden?"
SRC-APP-0009;edwalt3;ACCISAPI.DLL;ACCISAPI.DLL;DLL;45056;2000-04-13T01:11:00Z;Archive;84addab5642bcdc189aefbeff2ab41680ee27b59bda5fd7076bfbbabb18c4dde;PE/Windows-Programmdatei;;Laufzeitbibliothek;Technische Laufzeit- oder Kommunikationsabhaengigkeit.;"Metadaten, SHA-256 und Header statisch erfasst; nicht ausgefuehrt.";Ist das Artefakt produktiv, optional, historisch oder nur mitgeliefert?
SRC-APP-0010;edwalt3;ADISCTRL;ADISCTRL;(keine);10496;2000-04-13T01:11:00Z;Archive;afbecc65f0203543b1570750b2ea7a552c7e5850954ec6c34d2ed9a36b2c4617;unbekanntes Binaerformat;;unbekannt;Funktion oder Format noch nicht sicher bestimmbar.;"Metadaten, SHA-256 und Header statisch erfasst; nicht ausgefuehrt.";Wie sind Format und Aufgabe ohne schreibenden Zugriff sicher zu bestaetigen?
SRC-APP-0011;edwalt3;ADR.BMP;ADR.BMP;BMP;630;1999-02-04T07:48:00Z;Archive;2897e1d8f099d0c5d7a4584bdb43f6460d71edc3eaca89eb7b0d40f9f97f1e74;BMP;;Screenshot;"Hilfebild oder UI-Grafik; nur lokal geprueft, nicht uebernommen.";"Metadaten und Header erfasst; nicht ausgefuehrt und nicht in Git uebernommen; visuelle/fachliche Zuordnung offen.";Ist das Artefakt produktiv, optional, historisch oder nur mitgeliefert?
SRC-APP-0012;edwalt3;ADR.ICO;ADR.ICO;ICO;766;1999-02-04T07:11:00Z;Archive;e41ed8f2cc051a1e87c708c3ccb831e060f005d2a1e86474efd33e3ef4ddb398;Windows-Icon/Cursor;;Screenshot;"Hilfebild oder UI-Grafik; nur lokal geprueft, nicht uebernommen.";"Metadaten und Header erfasst; nicht ausgefuehrt und nicht in Git uebernommen; visuelle/fachliche Zuordnung offen.";Ist das Artefakt produktiv, optional, historisch oder nur mitgeliefert?
SRC-APP-0013;edwalt3;ANIMSERV.EXE;ANIMSERV.EXE;EXE;28672;2000-04-13T01:11:00Z;Archive;7d94f46dc4a99f004e9e40c9d44cd236c836b0cdd8ff223f58315dbb1e57a988;PE/Windows-Programmdatei;;Fachmodul;"Moegliche Fach- oder Zusatzfunktion; Aufgabe anhand weiterer Evidenz zu klaeren.";"Metadaten, SHA-256 und Header statisch erfasst; nicht ausgefuehrt.";Wird die Komponente/Funktion heute genutzt und in welchem Prozess?
SRC-APP-0014;edwalt3;ANIMSRVR.LBR;ANIMSRVR.LBR;LBR;380928;2000-04-13T01:11:00Z;Archive;4d8dbadcc5c9aaab79bca641b26467dd00409036cfa73de7e18a9c6c5a88ad41;unbekanntes Binaerformat;;Fachmodul;"Moegliche Fach- oder Zusatzfunktion; Aufgabe anhand weiterer Evidenz zu klaeren.";"Metadaten, SHA-256 und Header statisch erfasst; nicht ausgefuehrt.";Wird die Komponente/Funktion heute genutzt und in welchem Prozess?
SRC-APP-0015;edwalt3;APIGUI.DLL;APIGUI.DLL;DLL;45056;2000-04-13T01:11:00Z;Archive;c9af79da59b2014e29047af55b6ce498e6afeef6653914c0c99606b213e57e1d;PE/Windows-Programmdatei;;Laufzeitbibliothek;Technische Laufzeit- oder Kommunikationsabhaengigkeit.;"Metadaten, SHA-256 und Header statisch erfasst; nicht ausgefuehrt.";Ist das Artefakt produktiv, optional, historisch oder nur mitgeliefert?
SRC-APP-0016;edwalt3;APIGUIM.DLL;APIGUIM.DLL;DLL;1613824;2000-04-13T01:11:00Z;Archive;52dc1cc010313decd6be71be996d130000e5328ff0d72147c45642f7ffc92e99;PE/Windows-Programmdatei;;Laufzeitbibliothek;Technische Laufzeit- oder Kommunikationsabhaengigkeit.;"Metadaten, SHA-256 und Header statisch erfasst; nicht ausgefuehrt.";Ist das Artefakt produktiv, optional, historisch oder nur mitgeliefert?
SRC-APP-0017;edwalt3;APIGUIS.DLL;APIGUIS.DLL;DLL;1536000;2000-04-13T01:11:00Z;Archive;680e3de8a855967de42982faf6daeb64a4e8a36d7e7cedafd2f146303daea77d;PE/Windows-Programmdatei;;Laufzeitbibliothek;Technische Laufzeit- oder Kommunikationsabhaengigkeit.;"Metadaten, SHA-256 und Header statisch erfasst; nicht ausgefuehrt.";Ist das Artefakt produktiv, optional, historisch oder nur mitgeliefert?
SRC-APP-0018;edwalt3;AUSWERT.DLL;AUSWERT.DLL;DLL;782336;2007-06-27T12:13:08Z;Archive;fd5ce05e7a4a5c12ec4cd59afd469a06813e48e4d2835af8415d893852c4ff30;PE/Windows-Programmdatei;;Bericht/Auswertung;Bericht, Auswertung oder lesbare technische Unterlage.;"Metadaten, SHA-256 und Header statisch erfasst; nicht ausgefuehrt.";Wird die Komponente/Funktion heute genutzt und in welchem Prozess?
SRC-APP-0019;edwalt3;AUSWERT.GS;AUSWERT.GS;GS;410240;2006-10-07T08:24:14Z;Archive;ed99fd8c6c3886d0d25041ff87fd89cacf783482a2cc94d94c1b63c4d768b8fc;unbekanntes Binaerformat;;Bericht/Auswertung;Bericht, Auswertung oder lesbare technische Unterlage.;"Metadaten, SHA-256 und Header statisch erfasst; nicht ausgefuehrt.";Wird die Komponente/Funktion heute genutzt und in welchem Prozess?
SRC-APP-0020;edwalt3;AUSWERT.ICO;AUSWERT.ICO;ICO;766;1995-07-14T15:36:00Z;Archive;bc556bafb36504d82679bee8ed7acd9d5151624a8a2e5bb6644aa272946eb60a;Windows-Icon/Cursor;;Screenshot;"Hilfebild oder UI-Grafik; nur lokal geprueft, nicht uebernommen.";"Metadaten und Header erfasst; nicht ausgefuehrt und nicht in Git uebernommen; visuelle/fachliche Zuordnung offen.";Ist das Artefakt produktiv, optional, historisch oder nur mitgeliefert?
SRC-APP-0021;edwalt3;AUSWERT2.ICO;AUSWERT2.ICO;ICO;766;1995-07-14T17:02:00Z;Archive;def8f288bceeb0fb36455bb58a76b4f0c267bdda046926c29b37b00c83140007;Windows-Icon/Cursor;;Screenshot;"Hilfebild oder UI-Grafik; nur lokal geprueft, nicht uebernommen.";"Metadaten und Header erfasst; nicht ausgefuehrt und nicht in Git uebernommen; visuelle/fachliche Zuordnung offen.";Ist das Artefakt produktiv, optional, historisch oder nur mitgeliefert?
SRC-APP-0022;edwalt3;AUSWERT3.ICO;AUSWERT3.ICO;ICO;766;1995-07-14T17:03:00Z;Archive;e91a4e856ba380f3d94cfd0dd75dcd7a937ecff67974422d9f568dc8d86f3dea;Windows-Icon/Cursor;;Screenshot;"Hilfebild oder UI-Grafik; nur lokal geprueft, nicht uebernommen.";"Metadaten und Header erfasst; nicht ausgefuehrt und nicht in Git uebernommen; visuelle/fachliche Zuordnung offen.";Ist das Artefakt produktiv, optional, historisch oder nur mitgeliefert?
SRC-APP-0023;edwalt3;AUSWERTB.DLL;AUSWERTB.DLL;DLL;462848;2007-06-27T12:12:46Z;Archive;4a8358e4e632f59905d48f6483ed84bf2ccdbe15b017efcbc85acef89ddea834;PE/Windows-Programmdatei;;Bericht/Auswertung;Bericht, Auswertung oder lesbare technische Unterlage.;"Metadaten, SHA-256 und Header statisch erfasst; nicht ausgefuehrt.";Wird die Komponente/Funktion heute genutzt und in welchem Prozess?
SRC-APP-0024;edwalt3;AUSWERTB.GS;AUSWERTB.GS;GS;199680;2005-09-19T07:23:12Z;Archive;5eb63ef80b7c83f22314077472f4d09c55251b700f71f1d043567a166ca1a93d;unbekanntes Binaerformat;;Bericht/Auswertung;Bericht, Auswertung oder lesbare technische Unterlage.;"Metadaten, SHA-256 und Header statisch erfasst; nicht ausgefuehrt.";Wird die Komponente/Funktion heute genutzt und in welchem Prozess?
SRC-APP-0025;edwalt3;AUSWERTK.DLL;AUSWERTK.DLL;DLL;323584;2007-06-27T12:12:48Z;Archive;f3e4d356885145aef0d11f7dfe0b34b199d93d0ee921b80300fd93a201cb7758;PE/Windows-Programmdatei;;Bericht/Auswertung;Bericht, Auswertung oder lesbare technische Unterlage.;"Metadaten, SHA-256 und Header statisch erfasst; nicht ausgefuehrt.";Wird die Komponente/Funktion heute genutzt und in welchem Prozess?
SRC-APP-0026;edwalt3;AUSWERTK.GS;AUSWERTK.GS;GS;124928;2005-11-09T21:04:12Z;Archive;604bee0e2822c27c1c05b9ed5c5f069a43941526eb7af94dacad93a19e7afef2;unbekanntes Binaerformat;;Bericht/Auswertung;Bericht, Auswertung oder lesbare technische Unterlage.;"Metadaten, SHA-256 und Header statisch erfasst; nicht ausgefuehrt.";Wird die Komponente/Funktion heute genutzt und in welchem Prozess?
SRC-APP-0027;edwalt3;AUSWERTS.DLL;AUSWERTS.DLL;DLL;282624;2007-06-27T12:12:14Z;Archive;36342009db321f782b37a4f2ff3f34177d798e241ff872475f8a5bd0a9d1d58a;PE/Windows-Programmdatei;;Bericht/Auswertung;Bericht, Auswertung oder lesbare technische Unterlage.;"Metadaten, SHA-256 und Header statisch erfasst; nicht ausgefuehrt.";Wird die Komponente/Funktion heute genutzt und in welchem Prozess?
SRC-APP-0028;edwalt3;AUSWERTS.GS;AUSWERTS.GS;GS;110976;2003-03-29T13:07:00Z;Archive;a25e8e7b1b070186a78c5da67ce4c06e4c86222df5ba7210da9c765bf11969a6;unbekanntes Binaerformat;;Bericht/Auswertung;Bericht, Auswertung oder lesbare technische Unterlage.;"Metadaten, SHA-256 und Header statisch erfasst; nicht ausgefuehrt.";Wird die Komponente/Funktion heute genutzt und in welchem Prozess?
SRC-APP-0029;edwalt3;AUSWERTV.DLL;AUSWERTV.DLL;DLL;299008;2007-06-27T12:12:26Z;Archive;4a5ff656f1712a510d7317b1ae94642405ca8b1da0199c9ea516e413b2d5be0f;PE/Windows-Programmdatei;;Bericht/Auswertung;Bericht, Auswertung oder lesbare technische Unterlage.;"Metadaten, SHA-256 und Header statisch erfasst; nicht ausgefuehrt.";Wird die Komponente/Funktion heute genutzt und in welchem Prozess?
SRC-APP-0030;edwalt3;AUSWERTV.GS;AUSWERTV.GS;GS;105728;2003-03-29T13:33:52Z;Archive;93d459ab2b1b73249f6a873f54057127ded5f7ca2dee819b5f3d629b933a97b9;unbekanntes Binaerformat;;Bericht/Auswertung;Bericht, Auswertung oder lesbare technische Unterlage.;"Metadaten, SHA-256 und Header statisch erfasst; nicht ausgefuehrt.";Wird die Komponente/Funktion heute genutzt und in welchem Prozess?
SRC-APP-0031;edwalt3;BALK05.BMP;BALK05.BMP;BMP;2118;1997-02-07T07:47:00Z;Archive;0eb943cd4c75009011ef42c4957b290ef82cb3107d72ac6c11ef169678a8a987;BMP;;Screenshot;"Hilfebild oder UI-Grafik; nur lokal geprueft, nicht uebernommen.";"Metadaten und Header erfasst; nicht ausgefuehrt und nicht in Git uebernommen; visuelle/fachliche Zuordnung offen.";Ist das Artefakt produktiv, optional, historisch oder nur mitgeliefert?
SRC-APP-0032;edwalt3;BALK05OS.BMP;BALK05OS.BMP;BMP;254;1995-05-31T10:30:00Z;Archive;1f0baa33b1c2c9bdba8a1c1a7410ade781108058d5eb7b76fca1314a3e3fc974;BMP;;Screenshot;"Hilfebild oder UI-Grafik; nur lokal geprueft, nicht uebernommen.";"Metadaten und Header erfasst; nicht ausgefuehrt und nicht in Git uebernommen; visuelle/fachliche Zuordnung offen.";Ist das Artefakt produktiv, optional, historisch oder nur mitgeliefert?
SRC-APP-0033;edwalt3;BALK06.BMP;BALK06.BMP;BMP;2118;1997-02-07T07:47:00Z;Archive;0eb943cd4c75009011ef42c4957b290ef82cb3107d72ac6c11ef169678a8a987;BMP;;Screenshot;"Hilfebild oder UI-Grafik; nur lokal geprueft, nicht uebernommen.";"Metadaten und Header erfasst; nicht ausgefuehrt und nicht in Git uebernommen; visuelle/fachliche Zuordnung offen.";Ist das Artefakt produktiv, optional, historisch oder nur mitgeliefert?
SRC-APP-0034;edwalt3;BALK15.BMP;BALK15.BMP;BMP;658;1994-11-16T17:54:00Z;Archive;52f8eec3e7a295c1fc8871c6557540dd1da63459e9b9ddd6565ec8b8a4a0a856;BMP;;Screenshot;"Hilfebild oder UI-Grafik; nur lokal geprueft, nicht uebernommen.";"Metadaten und Header erfasst; nicht ausgefuehrt und nicht in Git uebernommen; visuelle/fachliche Zuordnung offen.";Ist das Artefakt produktiv, optional, historisch oder nur mitgeliefert?
SRC-APP-0035;edwalt3;BALK30.BMP;BALK30.BMP;BMP;1198;1994-11-17T07:26:00Z;Archive;6f93145df8bfc6971e1d789831470730cba3dfd611338fe9634516073d82c721;BMP;;Screenshot;"Hilfebild oder UI-Grafik; nur lokal geprueft, nicht uebernommen.";"Metadaten und Header erfasst; nicht ausgefuehrt und nicht in Git uebernommen; visuelle/fachliche Zuordnung offen.";Ist das Artefakt produktiv, optional, historisch oder nur mitgeliefert?
SRC-APP-0036;edwalt3;BALK99.BMP;BALK99.BMP;BMP;1198;1994-11-16T17:41:00Z;Archive;38b297e97d70ddc506aca2db699e741926b0e65e63e94b72750b1319bec986d0;BMP;;Screenshot;"Hilfebild oder UI-Grafik; nur lokal geprueft, nicht uebernommen.";"Metadaten und Header erfasst; nicht ausgefuehrt und nicht in Git uebernommen; visuelle/fachliche Zuordnung offen.";Ist das Artefakt produktiv, optional, historisch oder nur mitgeliefert?
SRC-APP-0037;edwalt3;BALKEN1.BMP;BALKEN1.BMP;BMP;298;1994-11-16T16:51:00Z;Archive;e3ca1836af749ba8cf060d3caf78fe282343063d899c398b000a678bcab85d30;BMP;;Screenshot;"Hilfebild oder UI-Grafik; nur lokal geprueft, nicht uebernommen.";"Metadaten und Header erfasst; nicht ausgefuehrt und nicht in Git uebernommen; visuelle/fachliche Zuordnung offen.";Ist das Artefakt produktiv, optional, historisch oder nur mitgeliefert?
SRC-APP-0038;edwalt3;BALKLANG.BMP;BALKLANG.BMP;BMP;918;1995-11-06T11:23:00Z;Archive;5b0d8772726b6e45efdb223447e5221b01b33f238332cbfdd13cab9c839fe58d;BMP;;Screenshot;"Hilfebild oder UI-Grafik; nur lokal geprueft, nicht uebernommen.";"Metadaten und Header erfasst; nicht ausgefuehrt und nicht in Git uebernommen; visuelle/fachliche Zuordnung offen.";Ist das Artefakt produktiv, optional, historisch oder nur mitgeliefert?
SRC-APP-0039;edwalt3;BALKMITT.BMP;BALKMITT.BMP;BMP;478;1994-11-16T16:55:00Z;Archive;9270c11ca7c18963e57b002a7963589096befff49f884c23bebf055472442760;BMP;;Screenshot;"Hilfebild oder UI-Grafik; nur lokal geprueft, nicht uebernommen.";"Metadaten und Header erfasst; nicht ausgefuehrt und nicht in Git uebernommen; visuelle/fachliche Zuordnung offen.";Ist das Artefakt produktiv, optional, historisch oder nur mitgeliefert?
SRC-APP-0040;edwalt3;BEE.TMP;BEE.TMP;TMP;9501;2008-11-13T14:30:25.258000Z;Archive;ef38e9407f7da415c3c8871a924a18e5639d759a6159ad4227658d3bbd2d280e;Text/ASCII- oder ANSI-nah;;Protokoll;"Betriebs-, Fehler- oder temporaeres Artefakt; keine Rohinhalte dokumentiert.";"Metadaten, SHA-256 und Header statisch erfasst; nicht ausgefuehrt.";Ist das Artefakt produktiv, optional, historisch oder nur mitgeliefert?
SRC-APP-0041;edwalt3;BITMAP.DLL;BITMAP.DLL;DLL;249856;2007-06-27T12:12:40Z;Archive;b545630d8c909268d271e04fd8a2cd64f5b0f1be7b51b3bcd7b9239ed04fe3f2;PE/Windows-Programmdatei;;Fachmodul;"Moegliche Fach- oder Zusatzfunktion; Aufgabe anhand weiterer Evidenz zu klaeren.";"Metadaten, SHA-256 und Header statisch erfasst; nicht ausgefuehrt.";Wird die Komponente/Funktion heute genutzt und in welchem Prozess?
SRC-APP-0042;edwalt3;BITMAP.GS;BITMAP.GS;GS;13568;1998-01-22T14:17:00Z;Archive;18e65c6e1078c6e3f000a82e1d318ab047e97ffd6ecd4bd6d4ec9ee6fd4392dc;unbekanntes Binaerformat;;Fachmodul;"Moegliche Fach- oder Zusatzfunktion; Aufgabe anhand weiterer Evidenz zu klaeren.";"Metadaten, SHA-256 und Header statisch erfasst; nicht ausgefuehrt.";Wird die Komponente/Funktion heute genutzt und in welchem Prozess?
SRC-APP-0043;edwalt3;BITMAP.INI;BITMAP.INI;INI;665;2003-03-20T07:18:24Z;Archive;354dee4af40023de29844bbe43a5f13a8a97e9519037d6e6fb9784552eaca39e;Text/ASCII- oder ANSI-nah;;Konfiguration;"Betriebs-, Funktions- oder Drucksteuerung; Werte werden nicht offengelegt.";"Metadaten, SHA-256 und Header statisch erfasst; nicht ausgefuehrt.";"Welche Schluessel sind produktiv relevant; welche Werte duerfen spaeter migriert werden?"
SRC-APP-0044;edwalt3;BITSTART.DLL;BITSTART.DLL;DLL;241664;2007-06-27T12:12:42Z;Archive;2c5b45577a233563657997e1d05c290b9b04c3d02cc8d497c5960e31463c9462;PE/Windows-Programmdatei;;Fachmodul;"Moegliche Fach- oder Zusatzfunktion; Aufgabe anhand weiterer Evidenz zu klaeren.";"Metadaten, SHA-256 und Header statisch erfasst; nicht ausgefuehrt.";Wird die Komponente/Funktion heute genutzt und in welchem Prozess?
SRC-APP-0045;edwalt3;BITSTART.GS;BITSTART.GS;GS;17152;2003-03-30T15:31:52Z;Archive;17db4012179b49b45eba14cd9c5789c54bd2b2949cb79bd9c49897fed06f61a3;unbekanntes Binaerformat;;Fachmodul;"Moegliche Fach- oder Zusatzfunktion; Aufgabe anhand weiterer Evidenz zu klaeren.";"Metadaten, SHA-256 und Header statisch erfasst; nicht ausgefuehrt.";Wird die Komponente/Funktion heute genutzt und in welchem Prozess?
SRC-APP-0046;edwalt3;BLAU.BMP;BLAU.BMP;BMP;64678;1995-08-17T17:31:00Z;Archive;2f8687e0b38879fe6b664925ac0c8e0902677699d8dd7122ba47388828df3419;BMP;;Screenshot;"Hilfebild oder UI-Grafik; nur lokal geprueft, nicht uebernommen.";"Metadaten und Header erfasst; nicht ausgefuehrt und nicht in Git uebernommen; visuelle/fachliche Zuordnung offen.";Ist das Artefakt produktiv, optional, historisch oder nur mitgeliefert?
SRC-APP-0047;edwalt3;BLAU1.BMP;BLAU1.BMP;BMP;64678;1995-08-17T17:13:00Z;Archive;420502e1484bd314f7aa2e8050a20eaeed1ae9cf7a2e2b33a0bf0360c418e7bd;BMP;;Screenshot;"Hilfebild oder UI-Grafik; nur lokal geprueft, nicht uebernommen.";"Metadaten und Header erfasst; nicht ausgefuehrt und nicht in Git uebernommen; visuelle/fachliche Zuordnung offen.";Ist das Artefakt produktiv, optional, historisch oder nur mitgeliefert?
SRC-APP-0048;edwalt3;BU.TMP;BU.TMP;TMP;156404;2019-06-19T05:21:59.370485Z;Archive;10bc877eb962aeb5c53017d0ae27ac2b71f57aecad6a9a00907a2e8781177fdc;Text/ASCII- oder ANSI-nah;;Protokoll;"Betriebs-, Fehler- oder temporaeres Artefakt; keine Rohinhalte dokumentiert.";"Metadaten, SHA-256 und Header statisch erfasst; nicht ausgefuehrt.";Ist das Artefakt produktiv, optional, historisch oder nur mitgeliefert?
SRC-APP-0049;edwalt3;BUCHSCHK.dll;BUCHSCHK.dll;DLL;303104;2007-06-27T12:13:00Z;Archive;49da03cc30985dc47008afff631472feb9bacfc5fcd478be2ac948cbba783344;PE/Windows-Programmdatei;;Fachmodul;"Moegliche Fach- oder Zusatzfunktion; Aufgabe anhand weiterer Evidenz zu klaeren.";"Metadaten, SHA-256 und Header statisch erfasst; nicht ausgefuehrt.";Wird die Komponente/Funktion heute genutzt und in welchem Prozess?
SRC-APP-0050;edwalt3;BUCHSCHK.GS;BUCHSCHK.GS;GS;34176;2003-03-29T13:06:54Z;Archive;9ab1bd1468d28cad9f65ac7251e89a567e2e38b2a2b089df275f1bee7b3f0f83;unbekanntes Binaerformat;;Fachmodul;"Moegliche Fach- oder Zusatzfunktion; Aufgabe anhand weiterer Evidenz zu klaeren.";"Metadaten, SHA-256 und Header statisch erfasst; nicht ausgefuehrt.";Wird die Komponente/Funktion heute genutzt und in welchem Prozess?
SRC-APP-0051;edwalt3;BUCHSCHN.DLL;BUCHSCHN.DLL;DLL;466944;2007-06-27T12:12:28Z;Archive;04ce957188b2566946bb3aa409238cfb49ad8822c606f67722ed1b428186c879;PE/Windows-Programmdatei;;Fachmodul;"Moegliche Fach- oder Zusatzfunktion; Aufgabe anhand weiterer Evidenz zu klaeren.";"Metadaten, SHA-256 und Header statisch erfasst; nicht ausgefuehrt.";Wird die Komponente/Funktion heute genutzt und in welchem Prozess?
SRC-APP-0052;edwalt3;BUCHSCHN.GS;BUCHSCHN.GS;GS;39936;2006-06-28T17:02:54Z;Archive;c44c45552849d79b7d3a7141903ed7b0bb594ee8c7d293e81e328d94f9502720;unbekanntes Binaerformat;;Fachmodul;"Moegliche Fach- oder Zusatzfunktion; Aufgabe anhand weiterer Evidenz zu klaeren.";"Metadaten, SHA-256 und Header statisch erfasst; nicht ausgefuehrt.";Wird die Komponente/Funktion heute genutzt und in welchem Prozess?
SRC-APP-0053;edwalt3;BUERO.BMP;BUERO.BMP;BMP;8578;1997-10-22T09:08:00Z;Archive;e7a7943f6adbe0b9e6e6a4c6595ef8a82476547263371a51ebc5880b2dc5e47e;BMP;;Screenshot;"Hilfebild oder UI-Grafik; nur lokal geprueft, nicht uebernommen.";"Metadaten und Header erfasst; nicht ausgefuehrt und nicht in Git uebernommen; visuelle/fachliche Zuordnung offen.";Ist das Artefakt produktiv, optional, historisch oder nur mitgeliefert?
SRC-APP-0054;edwalt3;CALLRB.LBR;CALLRB.LBR;LBR;99456;2000-04-13T01:11:00Z;Archive;529befe1ca694ee6cc2982801154d25fd341ca78bdc77fdb09bacb4b150ef6de;unbekanntes Binaerformat;;Fachmodul;"Moegliche Fach- oder Zusatzfunktion; Aufgabe anhand weiterer Evidenz zu klaeren.";"Metadaten, SHA-256 und Header statisch erfasst; nicht ausgefuehrt.";Wird die Komponente/Funktion heute genutzt und in welchem Prozess?
SRC-APP-0055;edwalt3;CBLANMM.DLL;CBLANMM.DLL;DLL;28735;2000-04-13T01:11:00Z;Archive;40f7dba25e7a0b2be1cd56545e0d8f1e0f0f5a15f8e436df323b78b58d536a31;PE/Windows-Programmdatei;;Laufzeitbibliothek;Technische Laufzeit- oder Kommunikationsabhaengigkeit.;"Metadaten, SHA-256 und Header statisch erfasst; nicht ausgefuehrt.";Ist das Artefakt produktiv, optional, historisch oder nur mitgeliefert?
SRC-APP-0056;edwalt3;CBLANMS.DLL;CBLANMS.DLL;DLL;28736;2000-04-13T01:11:00Z;Archive;c9e5c617ffbcce0af24d598cb65a1034b3df92f1af2d22c99b00ae37827ec099;PE/Windows-Programmdatei;;Laufzeitbibliothek;Technische Laufzeit- oder Kommunikationsabhaengigkeit.;"Metadaten, SHA-256 und Header statisch erfasst; nicht ausgefuehrt.";Ist das Artefakt produktiv, optional, historisch oder nur mitgeliefert?
SRC-APP-0057;edwalt3;CBLCORED.EXE;CBLCORED.EXE;EXE;32811;2000-04-13T01:11:00Z;Archive;b2ae23cff6116368bd69c23940ed39de7f97db213978ae215d420893348df8e7;PE/Windows-Programmdatei;;Laufzeitbibliothek;Technische Laufzeit- oder Kommunikationsabhaengigkeit.;"Metadaten, SHA-256 und Header statisch erfasst; nicht ausgefuehrt.";Ist das Artefakt produktiv, optional, historisch oder nur mitgeliefert?
SRC-APP-0058;edwalt3;CBLDBG.DLL;CBLDBG.DLL;DLL;81961;2000-04-13T01:11:00Z;Archive;b3f1cde5d8d28328c605d9da34dfd1d13c9e9fa1849baaa0606385c0c9ee8089;PE/Windows-Programmdatei;;Laufzeitbibliothek;Technische Laufzeit- oder Kommunikationsabhaengigkeit.;"Metadaten, SHA-256 und Header statisch erfasst; nicht ausgefuehrt.";Ist das Artefakt produktiv, optional, historisch oder nur mitgeliefert?
SRC-APP-0059;edwalt3;CBLDC001.DLL;CBLDC001.DLL;DLL;466944;2007-06-27T12:12:46Z;Archive;eb2a3aaa9fd9fe115320b2e543e35af9d5ef0a3d6bf8a364f9f35f0a1471dd5d;PE/Windows-Programmdatei;;Laufzeitbibliothek;Technische Laufzeit- oder Kommunikationsabhaengigkeit.;"Metadaten, SHA-256 und Header statisch erfasst; nicht ausgefuehrt.";Ist das Artefakt produktiv, optional, historisch oder nur mitgeliefert?
SRC-APP-0060;edwalt3;CBLDWINM.DLL;CBLDWINM.DLL;DLL;73792;2000-04-13T01:11:00Z;Archive;9118e837aa40ad2da91b20b954392d3591edb49e60b4e93db18de22ed68e48bc;PE/Windows-Programmdatei;;Laufzeitbibliothek;Technische Laufzeit- oder Kommunikationsabhaengigkeit.;"Metadaten, SHA-256 und Header statisch erfasst; nicht ausgefuehrt.";Ist das Artefakt produktiv, optional, historisch oder nur mitgeliefert?
SRC-APP-0061;edwalt3;CBLDWINS.DLL;CBLDWINS.DLL;DLL;73793;2000-04-13T01:11:00Z;Archive;c922c565f4e68e60e37bdb37fa51396eeaeb201791f617b744bb3e20a6591a4e;PE/Windows-Programmdatei;;Laufzeitbibliothek;Technische Laufzeit- oder Kommunikationsabhaengigkeit.;"Metadaten, SHA-256 und Header statisch erfasst; nicht ausgefuehrt.";Ist das Artefakt produktiv, optional, historisch oder nur mitgeliefert?
SRC-APP-0062;edwalt3;CBLEXECM.EXE;CBLEXECM.EXE;EXE;20544;2000-04-13T01:11:00Z;Archive;dbbd25d136e36fe1359c9c906d35cf90e5f848b74427eda9876178a686a28044;PE/Windows-Programmdatei;;Laufzeitbibliothek;Technische Laufzeit- oder Kommunikationsabhaengigkeit.;"Metadaten, SHA-256 und Header statisch erfasst; nicht ausgefuehrt.";Ist das Artefakt produktiv, optional, historisch oder nur mitgeliefert?
SRC-APP-0063;edwalt3;CBLEXECS.EXE;CBLEXECS.EXE;EXE;20545;2000-04-13T01:11:00Z;Archive;9bdcf7d7136777f34e14fee974c3f5735472a15800b6d8a81d6374df8ec11548;PE/Windows-Programmdatei;;Laufzeitbibliothek;Technische Laufzeit- oder Kommunikationsabhaengigkeit.;"Metadaten, SHA-256 und Header statisch erfasst; nicht ausgefuehrt.";Ist das Artefakt produktiv, optional, historisch oder nur mitgeliefert?
SRC-APP-0064;edwalt3;CBLFFNDM.EXE;CBLFFNDM.EXE;EXE;32832;2000-04-13T01:11:00Z;Archive;4f5386679a32f7244836ec4e9704d3c8c0091818eebd66e376edf4d86df4aea1;PE/Windows-Programmdatei;;Laufzeitbibliothek;Technische Laufzeit- oder Kommunikationsabhaengigkeit.;"Metadaten, SHA-256 und Header statisch erfasst; nicht ausgefuehrt.";Ist das Artefakt produktiv, optional, historisch oder nur mitgeliefert?
SRC-APP-0065;edwalt3;CBLFFNDS.EXE;CBLFFNDS.EXE;EXE;32833;2000-04-13T01:11:00Z;Archive;e2a1ee65f0bd4d73dca900e158c7110cdab41efcd029d3353bf7dc523af2fc39;PE/Windows-Programmdatei;;Laufzeitbibliothek;Technische Laufzeit- oder Kommunikationsabhaengigkeit.;"Metadaten, SHA-256 und Header statisch erfasst; nicht ausgefuehrt.";Ist das Artefakt produktiv, optional, historisch oder nur mitgeliefert?
SRC-APP-0066;edwalt3;CBLINTM.DLL;CBLINTM.DLL;DLL;122943;2000-04-13T01:11:00Z;Archive;650aadb2234d5463460c2f6b898ee97ab9f3baf394c47ea7c4d1f6db372c9d51;PE/Windows-Programmdatei;;Laufzeitbibliothek;Technische Laufzeit- oder Kommunikationsabhaengigkeit.;"Metadaten, SHA-256 und Header statisch erfasst; nicht ausgefuehrt.";Ist das Artefakt produktiv, optional, historisch oder nur mitgeliefert?
SRC-APP-0067;edwalt3;CBLINTS.DLL;CBLINTS.DLL;DLL;118848;2000-04-13T01:11:00Z;Archive;5e0fe7a97e3efc06a31dec0372404ef898114733ef45f4faf5cbe7b04684e6c4;PE/Windows-Programmdatei;;Laufzeitbibliothek;Technische Laufzeit- oder Kommunikationsabhaengigkeit.;"Metadaten, SHA-256 und Header statisch erfasst; nicht ausgefuehrt.";Ist das Artefakt produktiv, optional, historisch oder nur mitgeliefert?
SRC-APP-0068;edwalt3;CBLJVM_IBM1.DLL;CBLJVM_IBM1.DLL;DLL;28672;2000-04-13T01:11:00Z;Archive;1246b044cd58bf334e80416ce9b6bcee34db703d94c7b4bab505263cd0793dcc;PE/Windows-Programmdatei;;Laufzeitbibliothek;Technische Laufzeit- oder Kommunikationsabhaengigkeit.;"Metadaten, SHA-256 und Header statisch erfasst; nicht ausgefuehrt.";Ist das Artefakt produktiv, optional, historisch oder nur mitgeliefert?
SRC-APP-0069;edwalt3;CBLJVM_MS.DLL;CBLJVM_MS.DLL;DLL;28672;2000-04-13T01:11:00Z;Archive;11ed1f5130dc09a88f1465245f8bfb03081a45231e31a0b157222d87bd752202;PE/Windows-Programmdatei;;Laufzeitbibliothek;Technische Laufzeit- oder Kommunikationsabhaengigkeit.;"Metadaten, SHA-256 und Header statisch erfasst; nicht ausgefuehrt.";Ist das Artefakt produktiv, optional, historisch oder nur mitgeliefert?
SRC-APP-0070;edwalt3;CBLJVM_SUN.DLL;CBLJVM_SUN.DLL;DLL;28672;2000-04-13T01:11:00Z;Archive;a85438600f8c5576b6114740efe10fbc24e605f457401368fbc7e2d99cd91417;PE/Windows-Programmdatei;;Laufzeitbibliothek;Technische Laufzeit- oder Kommunikationsabhaengigkeit.;"Metadaten, SHA-256 und Header statisch erfasst; nicht ausgefuehrt.";Ist das Artefakt produktiv, optional, historisch oder nur mitgeliefert?
SRC-APP-0071;edwalt3;CBLPRNT.DLL;CBLPRNT.DLL;DLL;40960;2000-04-13T01:11:00Z;Archive;1f27caf129a4f2351cfa962cad4d21e2b38dfdda4025b46e319b67e592794356;PE/Windows-Programmdatei;;Laufzeitbibliothek;Technische Laufzeit- oder Kommunikationsabhaengigkeit.;"Metadaten, SHA-256 und Header statisch erfasst; nicht ausgefuehrt.";Ist das Artefakt produktiv, optional, historisch oder nur mitgeliefert?
SRC-APP-0072;edwalt3;CBLRTSM.DLL;CBLRTSM.DLL;DLL;467007;2000-04-13T01:11:00Z;Archive;3caa7353107fbf93579b081e098f9d635b3ce00914cf74c70026979f123cf816;PE/Windows-Programmdatei;;Laufzeitbibliothek;Technische Laufzeit- oder Kommunikationsabhaengigkeit.;"Metadaten, SHA-256 und Header statisch erfasst; nicht ausgefuehrt.";Ist das Artefakt produktiv, optional, historisch oder nur mitgeliefert?
SRC-APP-0073;edwalt3;CBLRTSS.DLL;CBLRTSS.DLL;DLL;417856;2000-04-13T01:11:00Z;Archive;fe498b13e464d26beacdcba32bc3b26d356b52f9b251546831e3d86923a35d6b;PE/Windows-Programmdatei;;Laufzeitbibliothek;Technische Laufzeit- oder Kommunikationsabhaengigkeit.;"Metadaten, SHA-256 und Header statisch erfasst; nicht ausgefuehrt.";Ist das Artefakt produktiv, optional, historisch oder nur mitgeliefert?
SRC-APP-0074;edwalt3;CBLVIOM.DLL;CBLVIOM.DLL;DLL;41023;2000-04-13T01:11:00Z;Archive;0b87cda0afa465cb12c5687c9583e368fe7923f3e569cffb7df8d4170f998d7b;PE/Windows-Programmdatei;;Laufzeitbibliothek;Technische Laufzeit- oder Kommunikationsabhaengigkeit.;"Metadaten, SHA-256 und Header statisch erfasst; nicht ausgefuehrt.";Ist das Artefakt produktiv, optional, historisch oder nur mitgeliefert?
SRC-APP-0075;edwalt3;CBLVIOS.DLL;CBLVIOS.DLL;DLL;36928;2000-04-13T01:11:00Z;Archive;e99ad385d62f1ff27c33ffe16af2be6791f497299ed2367910cce24a5f394121;PE/Windows-Programmdatei;;Laufzeitbibliothek;Technische Laufzeit- oder Kommunikationsabhaengigkeit.;"Metadaten, SHA-256 und Header statisch erfasst; nicht ausgefuehrt.";Ist das Artefakt produktiv, optional, historisch oder nur mitgeliefert?
SRC-APP-0076;edwalt3;CBLXECWM.EXE;CBLXECWM.EXE;EXE;20544;2000-04-13T01:11:00Z;Archive;a533650031577f1e71a39b7893c659cd92b3307832edfd0c5a934c12b90b28bf;PE/Windows-Programmdatei;;Laufzeitbibliothek;Technische Laufzeit- oder Kommunikationsabhaengigkeit.;"Metadaten, SHA-256 und Header statisch erfasst; nicht ausgefuehrt.";Ist das Artefakt produktiv, optional, historisch oder nur mitgeliefert?
SRC-APP-0077;edwalt3;CBLXECWS.EXE;CBLXECWS.EXE;EXE;20545;2000-04-13T01:11:00Z;Archive;0b66ff4e54ee3455df7d1b9c5727aaac8b27b8b42be53fe316f6f527d9f0a6f0;PE/Windows-Programmdatei;;Laufzeitbibliothek;Technische Laufzeit- oder Kommunikationsabhaengigkeit.;"Metadaten, SHA-256 und Header statisch erfasst; nicht ausgefuehrt.";Ist das Artefakt produktiv, optional, historisch oder nur mitgeliefert?
SRC-APP-0078;edwalt3;CCIAP32.DLL;CCIAP32.DLL;DLL;138752;2000-04-13T01:11:00Z;Archive;93bda9548db952c2355ab484dcaa68040963f8cebf69b58f9bf26e70648ba301;PE/Windows-Programmdatei;;Laufzeitbibliothek;Technische Laufzeit- oder Kommunikationsabhaengigkeit.;"Metadaten, SHA-256 und Header statisch erfasst; nicht ausgefuehrt.";Ist das Artefakt produktiv, optional, historisch oder nur mitgeliefert?
SRC-APP-0079;edwalt3;CCIDE32.DLL;CCIDE32.DLL;DLL;59904;2000-04-13T01:11:00Z;Archive;d93a0cc8bacda4fa45c06fc097ef54cd4631f28f8f31462ff94d5feb042a192e;PE/Windows-Programmdatei;;Laufzeitbibliothek;Technische Laufzeit- oder Kommunikationsabhaengigkeit.;"Metadaten, SHA-256 und Header statisch erfasst; nicht ausgefuehrt.";Ist das Artefakt produktiv, optional, historisch oder nur mitgeliefert?
SRC-APP-0080;edwalt3;CCIINST.EXE;CCIINST.EXE;EXE;152576;2000-04-13T01:11:00Z;Archive;959cf0ec6d8368a58924eaa98711aed1ab39181ad2d172d109f2560ad3f89c80;PE/Windows-Programmdatei;;Wartungswerkzeug;"Wartungs-, Installations- oder Reorganisationsartefakt; nie ausgefuehrt.";"Metadaten, SHA-256 und Header statisch erfasst; nicht ausgefuehrt.";Ist das Artefakt produktiv, optional, historisch oder nur mitgeliefert?
SRC-APP-0081;edwalt3;CCIINST.HLP;CCIINST.HLP;HLP;16990;2000-04-13T01:11:00Z;Archive;0f851ec418621d62482d43521a5d478f8e13b9fa49bba598bbb5dd19bdf9d0a2;unbekanntes Binaerformat;;Hilfe;Lokale Produkt- oder Laufzeithilfe.;"Metadaten, SHA-256 und Header statisch erfasst; nicht ausgefuehrt.";Ist das Artefakt produktiv, optional, historisch oder nur mitgeliefert?
SRC-APP-0082;edwalt3;CCIIX32.DLL;CCIIX32.DLL;DLL;91136;2000-04-13T01:11:00Z;Archive;46fbc6b0a1a0bf83ef653e9500f05c2ad414e2b446776c04d261a745b200643c;PE/Windows-Programmdatei;;Laufzeitbibliothek;Technische Laufzeit- oder Kommunikationsabhaengigkeit.;"Metadaten, SHA-256 und Header statisch erfasst; nicht ausgefuehrt.";Ist das Artefakt produktiv, optional, historisch oder nur mitgeliefert?
SRC-APP-0083;edwalt3;CCINB32.DLL;CCINB32.DLL;DLL;101376;2000-04-13T01:11:00Z;Archive;49ab86bf52c1720946eff6843fdfa0542e45fddc17fc6eca288f242b9a0e3437;PE/Windows-Programmdatei;;Laufzeitbibliothek;Technische Laufzeit- oder Kommunikationsabhaengigkeit.;"Metadaten, SHA-256 und Header statisch erfasst; nicht ausgefuehrt.";Ist das Artefakt produktiv, optional, historisch oder nur mitgeliefert?
SRC-APP-0084;edwalt3;CCITC32.DLL;CCITC32.DLL;DLL;177664;2000-04-13T01:11:00Z;Archive;a0956f4bcf27eab9d2840fbc8e1b0f4518693011cf6c52111a56ab2cc7f2cf8b;PE/Windows-Programmdatei;;Laufzeitbibliothek;Technische Laufzeit- oder Kommunikationsabhaengigkeit.;"Metadaten, SHA-256 und Header statisch erfasst; nicht ausgefuehrt.";Ist das Artefakt produktiv, optional, historisch oder nur mitgeliefert?
SRC-APP-0085;edwalt3;CCITCP2.EXE;CCITCP2.EXE;EXE;131072;2000-04-13T01:11:00Z;Archive;94d4c46ea7b6b07055bb592372bccbaa0f42a88600c8cc32e8ce0d393cb542ff;PE/Windows-Programmdatei;;Laufzeitbibliothek;Technische Laufzeit- oder Kommunikationsabhaengigkeit.;"Metadaten, SHA-256 und Header statisch erfasst; nicht ausgefuehrt.";Ist das Artefakt produktiv, optional, historisch oder nur mitgeliefert?
SRC-APP-0086;edwalt3;CLASS.DLL;CLASS.DLL;DLL;32768;2000-04-13T01:11:00Z;Archive;67cb48e457cb4f3d109a1a4d45e98c30831f4d6f5ed24f6b18c98531a89e47c6;PE/Windows-Programmdatei;;Laufzeitbibliothek;Technische Laufzeit- oder Kommunikationsabhaengigkeit.;"Metadaten, SHA-256 und Header statisch erfasst; nicht ausgefuehrt.";Ist das Artefakt produktiv, optional, historisch oder nur mitgeliefert?
SRC-APP-0087;edwalt3;CLASSM.DLL;CLASSM.DLL;DLL;618496;2000-04-13T01:11:00Z;Archive;505e78008bdbbfce8b0498184ff2a540c0e85603e56575006c4a4a60ee358446;PE/Windows-Programmdatei;;Laufzeitbibliothek;Technische Laufzeit- oder Kommunikationsabhaengigkeit.;"Metadaten, SHA-256 und Header statisch erfasst; nicht ausgefuehrt.";Ist das Artefakt produktiv, optional, historisch oder nur mitgeliefert?
SRC-APP-0088;edwalt3;CLASSS.DLL;CLASSS.DLL;DLL;585728;2000-04-13T01:11:00Z;Archive;6145c1f6a7f924c7bf7cc183ad55475460fc413bf4eb749ddae61ef38f3e5624;PE/Windows-Programmdatei;;Laufzeitbibliothek;Technische Laufzeit- oder Kommunikationsabhaengigkeit.;"Metadaten, SHA-256 und Header statisch erfasst; nicht ausgefuehrt.";Ist das Artefakt produktiv, optional, historisch oder nur mitgeliefert?
SRC-APP-0089;edwalt3;COB32API.DLL;COB32API.DLL;DLL;24641;2000-04-13T01:11:00Z;Archive;a17b0af41e7b166822327e2bbf9033ecf665e5e789ac885367c4ad79b3ae26ae;PE/Windows-Programmdatei;;Laufzeitbibliothek;Technische Laufzeit- oder Kommunikationsabhaengigkeit.;"Metadaten, SHA-256 und Header statisch erfasst; nicht ausgefuehrt.";Ist das Artefakt produktiv, optional, historisch oder nur mitgeliefert?
SRC-APP-0090;edwalt3;COBCLI.LBR;COBCLI.LBR;LBR;186496;2000-04-13T01:11:00Z;Archive;28985c3c4aa7d0aa1d928e7b1813fb28aa98b1ce23b5b45aa140459a464a6876;unbekanntes Binaerformat;;Laufzeitbibliothek;Technische Laufzeit- oder Kommunikationsabhaengigkeit.;"Metadaten, SHA-256 und Header statisch erfasst; nicht ausgefuehrt.";Ist das Artefakt produktiv, optional, historisch oder nur mitgeliefert?
SRC-APP-0091;edwalt3;CSQLSUPP.DLL;CSQLSUPP.DLL;DLL;90112;2000-04-13T01:11:00Z;Archive;3cbb1d2e889322decbcc5c28924e9ed126b7faffddf8ac9fcfa3e04192786ba5;PE/Windows-Programmdatei;;Laufzeitbibliothek;Technische Laufzeit- oder Kommunikationsabhaengigkeit.;"Metadaten, SHA-256 und Header statisch erfasst; nicht ausgefuehrt.";Ist das Artefakt produktiv, optional, historisch oder nur mitgeliefert?
SRC-APP-0092;edwalt3;DEPLOY.TXT;DEPLOY.TXT;TXT;8750;2000-04-13T01:11:00Z;Archive;a88adf345acd1dd74166188f8c190a9deb032bc3bcca33c4c92e1aa865315e22;Text/ASCII- oder ANSI-nah;;Bericht/Auswertung;Bericht, Auswertung oder lesbare technische Unterlage.;"Metadaten, SHA-256 und Header statisch erfasst; nicht ausgefuehrt.";Wird die Komponente/Funktion heute genutzt und in welchem Prozess?
SRC-APP-0093;edwalt3;DISK.BMP;DISK.BMP;BMP;630;1997-03-03T08:38:00Z;Archive;7ff95e0d5ec3a5d88af9a78b37d3a6a8f2c8c385abcd86bd5de1d7e8f1cae81c;BMP;;Screenshot;"Hilfebild oder UI-Grafik; nur lokal geprueft, nicht uebernommen.";"Metadaten und Header erfasst; nicht ausgefuehrt und nicht in Git uebernommen; visuelle/fachliche Zuordnung offen.";Ist das Artefakt produktiv, optional, historisch oder nur mitgeliefert?
SRC-APP-0094;edwalt3;DISK.ICO;DISK.ICO;ICO;766;1997-03-03T08:40:00Z;Archive;160134907dc5c953619534f3b1d3e0b891f3471ab5cd75c00e63a869be572f8f;Windows-Icon/Cursor;;Screenshot;"Hilfebild oder UI-Grafik; nur lokal geprueft, nicht uebernommen.";"Metadaten und Header erfasst; nicht ausgefuehrt und nicht in Git uebernommen; visuelle/fachliche Zuordnung offen.";Ist das Artefakt produktiv, optional, historisch oder nur mitgeliefert?
SRC-APP-0095;edwalt3;DISK50.BMP;DISK50.BMP;BMP;1518;1997-03-03T08:42:00Z;Archive;6ae749f45cb320c43b0c3829709abbffd4a8ba30bd31e3701493b8986b63e83f;BMP;;Screenshot;"Hilfebild oder UI-Grafik; nur lokal geprueft, nicht uebernommen.";"Metadaten und Header erfasst; nicht ausgefuehrt und nicht in Git uebernommen; visuelle/fachliche Zuordnung offen.";Ist das Artefakt produktiv, optional, historisch oder nur mitgeliefert?
SRC-APP-0096;edwalt3;DOLPH.BMP;DOLPH.BMP;BMP;481078;1997-03-19T18:19:00Z;Archive;2ac407068826ff5216cb6a1733de26c60a282dc97ecf6a0e8dc01843fa00ab99;BMP;;Screenshot;"Hilfebild oder UI-Grafik; nur lokal geprueft, nicht uebernommen.";"Metadaten und Header erfasst; nicht ausgefuehrt und nicht in Git uebernommen; visuelle/fachliche Zuordnung offen.";Ist das Artefakt produktiv, optional, historisch oder nur mitgeliefert?
SRC-APP-0097;edwalt3;DRAUF.BMP;DRAUF.BMP;BMP;1686;1995-09-21T13:20:00Z;Archive;3a9e27605ae0dbbbbac91bd913a9a1056fb652f23f93c7ed2407ca5925614160;BMP;;Screenshot;"Hilfebild oder UI-Grafik; nur lokal geprueft, nicht uebernommen.";"Metadaten und Header erfasst; nicht ausgefuehrt und nicht in Git uebernommen; visuelle/fachliche Zuordnung offen.";Ist das Artefakt produktiv, optional, historisch oder nur mitgeliefert?
SRC-APP-0098;edwalt3;DRAUF.ICO;DRAUF.ICO;ICO;766;1995-09-21T13:22:00Z;Archive;c5d12493c5fbb6090aeae21d2b5c9926f8fc408b3866c22f8c7bb64ca7ee95ac;Windows-Icon/Cursor;;Screenshot;"Hilfebild oder UI-Grafik; nur lokal geprueft, nicht uebernommen.";"Metadaten und Header erfasst; nicht ausgefuehrt und nicht in Git uebernommen; visuelle/fachliche Zuordnung offen.";Ist das Artefakt produktiv, optional, historisch oder nur mitgeliefert?
SRC-APP-0099;edwalt3;DRUCK1.DLL;DRUCK1.DLL;DLL;417792;2007-06-27T12:12:44Z;Archive;f727052554ddc04050baaf566c71cabceeca20c263666c7cf95be13995f10364;PE/Windows-Programmdatei;;Bericht/Auswertung;Bericht, Auswertung oder lesbare technische Unterlage.;"Metadaten, SHA-256 und Header statisch erfasst; nicht ausgefuehrt.";Wird die Komponente/Funktion heute genutzt und in welchem Prozess?
SRC-APP-0100;edwalt3;DRUCK26.DLL;DRUCK26.DLL;DLL;344064;2007-06-27T12:12:34Z;Archive;a47281520663189fc636c147f6a0a81dffec8ed96923dcab78be79e6e5b2deda;PE/Windows-Programmdatei;;Bericht/Auswertung;Bericht, Auswertung oder lesbare technische Unterlage.;"Metadaten, SHA-256 und Header statisch erfasst; nicht ausgefuehrt.";Wird die Komponente/Funktion heute genutzt und in welchem Prozess?
SRC-APP-0101;edwalt3;DRUCK80.DLL;DRUCK80.DLL;DLL;380928;2007-06-27T12:12:36Z;Archive;f5dad3ec366dde54e2b846aac8ca53339cd26d86f2d84c58b00bf4f9a5544a01;PE/Windows-Programmdatei;;Bericht/Auswertung;Bericht, Auswertung oder lesbare technische Unterlage.;"Metadaten, SHA-256 und Header statisch erfasst; nicht ausgefuehrt.";Wird die Komponente/Funktion heute genutzt und in welchem Prozess?
SRC-APP-0102;edwalt3;DRUCKFUG.DLL;DRUCKFUG.DLL;DLL;360448;2007-06-27T12:12:38Z;Archive;3a9f0bd9f50a7c9af7c80531a55df82ff6ff5e3cf4942b0218bd4b698add9e99;PE/Windows-Programmdatei;;Bericht/Auswertung;Bericht, Auswertung oder lesbare technische Unterlage.;"Metadaten, SHA-256 und Header statisch erfasst; nicht ausgefuehrt.";Wird die Komponente/Funktion heute genutzt und in welchem Prozess?
SRC-APP-0103;edwalt3;DRUCKFUW.DLL;DRUCKFUW.DLL;DLL;401408;2007-06-27T12:12:32Z;Archive;c2bfcaa671dbfa4dca73b4e7e690802ccd668247041869e5da4e9957b73f45ea;PE/Windows-Programmdatei;;Bericht/Auswertung;Bericht, Auswertung oder lesbare technische Unterlage.;"Metadaten, SHA-256 und Header statisch erfasst; nicht ausgefuehrt.";Wird die Komponente/Funktion heute genutzt und in welchem Prozess?
SRC-APP-0104;edwalt3;DRUCKW80.DLL;DRUCKW80.DLL;DLL;376832;2007-06-27T12:12:38Z;Archive;99e263d38c3331b9d9d36003b87cc293289bd61532578786bb0c9ada4d2ad0aa;PE/Windows-Programmdatei;;Bericht/Auswertung;Bericht, Auswertung oder lesbare technische Unterlage.;"Metadaten, SHA-256 und Header statisch erfasst; nicht ausgefuehrt.";Wird die Komponente/Funktion heute genutzt und in welchem Prozess?
SRC-APP-0105;edwalt3;DRUCKWW.DLL;DRUCKWW.DLL;DLL;471040;2007-06-27T12:12:10Z;Archive;cd88d6a81742f5279e65a11c13082f1b5db3454acff5f561626f8d2970d6bf46;PE/Windows-Programmdatei;;Bericht/Auswertung;Bericht, Auswertung oder lesbare technische Unterlage.;"Metadaten, SHA-256 und Header statisch erfasst; nicht ausgefuehrt.";Wird die Komponente/Funktion heute genutzt und in welchem Prozess?
SRC-APP-0106;edwalt3;DSDDE.DLL;DSDDE.DLL;DLL;69632;2000-04-13T01:11:00Z;Archive;f83e6d6e5e571b23347c819787ffb163edba198270d10ff670ca0d210b3cc222;PE/Windows-Programmdatei;;Fachmodul;"Moegliche Fach- oder Zusatzfunktion; Aufgabe anhand weiterer Evidenz zu klaeren.";"Metadaten, SHA-256 und Header statisch erfasst; nicht ausgefuehrt.";Wird die Komponente/Funktion heute genutzt und in welchem Prozess?
SRC-APP-0107;edwalt3;DSDIR.GNT;DSDIR.GNT;GNT;10431;2000-04-12T22:11:00Z;Archive;6df6fed09666933f530bb8e2290e10f5613f93952334424760397fbc1fb94dd5;unbekanntes Binaerformat;;Fachmodul;"Moegliche Fach- oder Zusatzfunktion; Aufgabe anhand weiterer Evidenz zu klaeren.";"Metadaten, SHA-256 und Header statisch erfasst; nicht ausgefuehrt.";Wird die Komponente/Funktion heute genutzt und in welchem Prozess?
SRC-APP-0108;edwalt3;DSEXCEPT.DLL;DSEXCEPT.DLL;DLL;61440;2000-04-13T01:11:00Z;Archive;3106bc66ff51ee6c52e2a51f1e16950f69165331eeb390f483535965b105d239;PE/Windows-Programmdatei;;Fachmodul;"Moegliche Fach- oder Zusatzfunktion; Aufgabe anhand weiterer Evidenz zu klaeren.";"Metadaten, SHA-256 und Header statisch erfasst; nicht ausgefuehrt.";Wird die Komponente/Funktion heute genutzt und in welchem Prozess?
SRC-APP-0109;edwalt3;DSFW.LBR;DSFW.LBR;LBR;363136;2000-04-13T01:11:00Z;Archive;93ab915fea10493cd4c2b2490d0df84623a0b11bffc3a00133852451f26a8096;unbekanntes Binaerformat;;Laufzeitbibliothek;Technische Laufzeit- oder Kommunikationsabhaengigkeit.;"Metadaten, SHA-256 und Header statisch erfasst; nicht ausgefuehrt.";Ist das Artefakt produktiv, optional, historisch oder nur mitgeliefert?
SRC-APP-0110;edwalt3;DSFWBW32.DLL;DSFWBW32.DLL;DLL;36864;2000-04-13T01:11:00Z;Archive;964d4125774e18989374e34fa471371671cb20ca043c0c9ed919c99b5ff3e20c;PE/Windows-Programmdatei;;Laufzeitbibliothek;Technische Laufzeit- oder Kommunikationsabhaengigkeit.;"Metadaten, SHA-256 und Header statisch erfasst; nicht ausgefuehrt.";Ist das Artefakt produktiv, optional, historisch oder nur mitgeliefert?
SRC-APP-0111;edwalt3;DSFWDF.LBR;DSFWDF.LBR;LBR;6400;2000-04-13T01:11:00Z;Archive;58345766e3f86851f519e734dde532c70f61c7de19b4ac532761e6e7d5b6077f;unbekanntes Binaerformat;;Laufzeitbibliothek;Technische Laufzeit- oder Kommunikationsabhaengigkeit.;"Metadaten, SHA-256 und Header statisch erfasst; nicht ausgefuehrt.";Ist das Artefakt produktiv, optional, historisch oder nur mitgeliefert?
SRC-APP-0112;edwalt3;DSGRPH32.DLL;DSGRPH32.DLL;DLL;36864;2000-04-13T01:11:00Z;Archive;7dd1b99a855bf85a96876e9f53c569535ab12ae8388ad30715081ac4a7086bf3;PE/Windows-Programmdatei;;Laufzeitbibliothek;Technische Laufzeit- oder Kommunikationsabhaengigkeit.;"Metadaten, SHA-256 und Header statisch erfasst; nicht ausgefuehrt.";Ist das Artefakt produktiv, optional, historisch oder nur mitgeliefert?
SRC-APP-0113;edwalt3;DSGRUN.DLL;DSGRUN.DLL;DLL;385024;2000-04-13T01:11:00Z;Archive;38639e2b3da239d405efec1eb710b8d0c57a05791d7c8a9eb6d0eac0c7eaa0e0;PE/Windows-Programmdatei;;Laufzeitbibliothek;Technische Laufzeit- oder Kommunikationsabhaengigkeit.;"Metadaten, SHA-256 und Header statisch erfasst; nicht ausgefuehrt.";Ist das Artefakt produktiv, optional, historisch oder nur mitgeliefert?
SRC-APP-0114;edwalt3;DSPLAYER.DLL;DSPLAYER.DLL;DLL;36864;2000-04-13T01:11:00Z;Archive;9af56a569f07e4c67d2c0c977eb8bfb8965826f96eef0bef89655cf80b6b58ba;PE/Windows-Programmdatei;;Fachmodul;"Moegliche Fach- oder Zusatzfunktion; Aufgabe anhand weiterer Evidenz zu klaeren.";"Metadaten, SHA-256 und Header statisch erfasst; nicht ausgefuehrt.";Wird die Komponente/Funktion heute genutzt und in welchem Prozess?
SRC-APP-0115;edwalt3;DTAUS.DLL;DTAUS.DLL;DLL;266240;2007-06-27T12:12:30Z;Archive;7cce693153fde29e474eda78a40718caa0d8f493fcfa9f9662b78f84d78a55b3;PE/Windows-Programmdatei;;Import/Export;Moegliche Schnittstellen- oder Uebergabekomponente.;"Metadaten, SHA-256 und Header statisch erfasst; nicht ausgefuehrt.";Wird die Komponente/Funktion heute genutzt und in welchem Prozess?
SRC-APP-0116;edwalt3;DTAUS.GS;DTAUS.GS;GS;56704;2003-03-29T13:06:42Z;Archive;8a961959d4b98f0252e72cbd8764d25b5bb9cc5fcb8b482842e0f9cd9310dd32;unbekanntes Binaerformat;;Import/Export;Moegliche Schnittstellen- oder Uebergabekomponente.;"Metadaten, SHA-256 und Header statisch erfasst; nicht ausgefuehrt.";Wird die Komponente/Funktion heute genutzt und in welchem Prozess?
SRC-APP-0117;edwalt3;EDK3HELP.dll;EDK3HELP.dll;DLL;20480;2007-06-27T12:13:10Z;Archive;d46e5549ee66917350d0d15879c9e7ffd7fda4e8e865889607673e5e3f2e2d6c;PE/Windows-Programmdatei;;Fachmodul;"Moegliche Fach- oder Zusatzfunktion; Aufgabe anhand weiterer Evidenz zu klaeren.";"Metadaten, SHA-256 und Header statisch erfasst; nicht ausgefuehrt.";Wird die Komponente/Funktion heute genutzt und in welchem Prozess?
SRC-APP-0118;edwalt3;EDKHELP\EDK3HLP.htm;EDK3HLP.htm;HTM;128854;2004-11-29T11:04:06Z;Archive;2437947cc6091aa6c3cfc08445168b3cdf131785762cab699c7b85cdf1ea3bd8;Text/ASCII- oder ANSI-nah;;Hilfe;Lokale Produkt- oder Laufzeithilfe.;"Vollstaendig strukturell geparst; Bildreferenzen lokal abgeglichen; keine Skripte ausgefuehrt.";Ist das Artefakt produktiv, optional, historisch oder nur mitgeliefert?
SRC-APP-0119;edwalt3;EDKHELP\Image192.gif;Image192.gif;GIF;381;2004-11-29T11:04:00Z;Archive;cc13ad4169eac7d1001ca6fbf0f98e8711927517ffd242fa62a9a0e62096ef3f;GIF;;Screenshot;"Hilfebild oder UI-Grafik; nur lokal geprueft, nicht uebernommen.";"Metadaten erfasst und lokal visuell geprueft; nicht in Git uebernommen.";Ist das Artefakt produktiv, optional, historisch oder nur mitgeliefert?
SRC-APP-0120;edwalt3;EDKHELP\Image193.gif;Image193.gif;GIF;5567;2004-11-29T11:04:00Z;Archive;7c88c826cd22765694c3a34d31b3b29c576c833651e7323e204f7889b72e0656;GIF;;Screenshot;"Hilfebild oder UI-Grafik; nur lokal geprueft, nicht uebernommen.";"Metadaten erfasst und lokal visuell geprueft; nicht in Git uebernommen.";Ist das Artefakt produktiv, optional, historisch oder nur mitgeliefert?
SRC-APP-0121;edwalt3;EDKHELP\Image194.gif;Image194.gif;GIF;11566;2004-11-29T11:04:02Z;Archive;622e3fd9c9843bb0401392dae65fbf608a29deded9bed784f9bc1cc89fb3a3a4;GIF;;Screenshot;"Hilfebild oder UI-Grafik; nur lokal geprueft, nicht uebernommen.";"Metadaten erfasst und lokal visuell geprueft; nicht in Git uebernommen.";Ist das Artefakt produktiv, optional, historisch oder nur mitgeliefert?
SRC-APP-0122;edwalt3;EDKHELP\Image195.gif;Image195.gif;GIF;10462;2004-11-29T11:04:02Z;Archive;a497ab722fce966f387a30c364815857c0396523c70ab22fbf227fb6c5020a18;GIF;;Screenshot;"Hilfebild oder UI-Grafik; nur lokal geprueft, nicht uebernommen.";"Metadaten erfasst und lokal visuell geprueft; nicht in Git uebernommen.";Ist das Artefakt produktiv, optional, historisch oder nur mitgeliefert?
SRC-APP-0123;edwalt3;EDKHELP\Image196.gif;Image196.gif;GIF;9417;2004-11-29T11:04:02Z;Archive;74c82df280f93f316191a60ffa2feffe08b8f0cf3fb956483692523b4e90b4cf;GIF;;Screenshot;"Hilfebild oder UI-Grafik; nur lokal geprueft, nicht uebernommen.";"Metadaten erfasst und lokal visuell geprueft; nicht in Git uebernommen.";Ist das Artefakt produktiv, optional, historisch oder nur mitgeliefert?
SRC-APP-0124;edwalt3;EDKHELP\Image197.gif;Image197.gif;GIF;9106;2004-11-29T11:04:02Z;Archive;1e13f96723a4ff6f1258bef8078c1eb2630e38decb30eaaedff74b8eb9ef11c0;GIF;;Screenshot;"Hilfebild oder UI-Grafik; nur lokal geprueft, nicht uebernommen.";"Metadaten erfasst und lokal visuell geprueft; nicht in Git uebernommen.";Ist das Artefakt produktiv, optional, historisch oder nur mitgeliefert?
SRC-APP-0125;edwalt3;EDKHELP\Image198.gif;Image198.gif;GIF;11351;2004-11-29T11:04:02Z;Archive;97681b9105157a3d167e0e1c5972eb565ac059d6364b564e1c900bdd242a6523;GIF;;Screenshot;"Hilfebild oder UI-Grafik; nur lokal geprueft, nicht uebernommen.";"Metadaten erfasst und lokal visuell geprueft; nicht in Git uebernommen.";Ist das Artefakt produktiv, optional, historisch oder nur mitgeliefert?
SRC-APP-0126;edwalt3;EDKHELP\Image199.gif;Image199.gif;GIF;13084;2004-11-29T11:04:02Z;Archive;2b0b47e9ff3b83eaee97363de9bca5b5b83bb26aa4fe04340c1594a49b02d3b8;GIF;;Screenshot;"Hilfebild oder UI-Grafik; nur lokal geprueft, nicht uebernommen.";"Metadaten erfasst und lokal visuell geprueft; nicht in Git uebernommen.";Ist das Artefakt produktiv, optional, historisch oder nur mitgeliefert?
SRC-APP-0127;edwalt3;EDKHELP\Image200.gif;Image200.gif;GIF;9164;2004-11-29T11:04:02Z;Archive;fb4fe3ece43998c79f647272034bd0b12a0bca2a3759cfc70a81fca6e03835cb;GIF;;Screenshot;"Hilfebild oder UI-Grafik; nur lokal geprueft, nicht uebernommen.";"Metadaten erfasst und lokal visuell geprueft; nicht in Git uebernommen.";Ist das Artefakt produktiv, optional, historisch oder nur mitgeliefert?
SRC-APP-0128;edwalt3;EDKHELP\Image201.gif;Image201.gif;GIF;13057;2004-11-29T11:04:02Z;Archive;2a2002ff6fb62818968c7d1ecaf847e758b60bba077a52914409df6dfe160a2c;GIF;;Screenshot;"Hilfebild oder UI-Grafik; nur lokal geprueft, nicht uebernommen.";"Metadaten erfasst und lokal visuell geprueft; nicht in Git uebernommen.";Ist das Artefakt produktiv, optional, historisch oder nur mitgeliefert?
SRC-APP-0129;edwalt3;EDKHELP\Image202.gif;Image202.gif;GIF;4653;2004-11-29T11:04:02Z;Archive;71a5dcdbe1bcd2660f40f368918a016cbefc85bb503e6dd59cf8fe297d0ecd8f;GIF;;Screenshot;"Hilfebild oder UI-Grafik; nur lokal geprueft, nicht uebernommen.";"Metadaten erfasst und lokal visuell geprueft; nicht in Git uebernommen.";Ist das Artefakt produktiv, optional, historisch oder nur mitgeliefert?
SRC-APP-0130;edwalt3;EDKHELP\Image203.gif;Image203.gif;GIF;10268;2004-11-29T11:04:02Z;Archive;dc043f3b4a2e14371ff4163754821e0bd37c22a91c9885175d9c60cfdf38263d;GIF;;Screenshot;"Hilfebild oder UI-Grafik; nur lokal geprueft, nicht uebernommen.";"Metadaten erfasst und lokal visuell geprueft; nicht in Git uebernommen.";Ist das Artefakt produktiv, optional, historisch oder nur mitgeliefert?
SRC-APP-0131;edwalt3;EDKHELP\Image204.gif;Image204.gif;GIF;22102;2004-11-29T11:04:04Z;Archive;c48e4c15a38147e5df09d36de8d5da4641ec37edd0016e37900f26260189e731;GIF;;Screenshot;"Hilfebild oder UI-Grafik; nur lokal geprueft, nicht uebernommen.";"Metadaten erfasst und lokal visuell geprueft; nicht in Git uebernommen.";Ist das Artefakt produktiv, optional, historisch oder nur mitgeliefert?
SRC-APP-0132;edwalt3;EDKHELP\Image205.gif;Image205.gif;GIF;10539;2004-11-29T11:04:04Z;Archive;817d628d4d1ccfc1d8aa1602a69b6d08304c6848903f0b2b81068e165fa8a1b7;GIF;;Screenshot;"Hilfebild oder UI-Grafik; nur lokal geprueft, nicht uebernommen.";"Metadaten erfasst und lokal visuell geprueft; nicht in Git uebernommen.";Ist das Artefakt produktiv, optional, historisch oder nur mitgeliefert?
SRC-APP-0133;edwalt3;EDKHELP\Image206.gif;Image206.gif;GIF;381;2004-11-29T11:04:04Z;Archive;88dea88edcebb900c27f8bfbd139b5e65ff3360701f77f88a91f807867b80b46;GIF;;Screenshot;"Hilfebild oder UI-Grafik; nur lokal geprueft, nicht uebernommen.";"Metadaten erfasst und lokal visuell geprueft; nicht in Git uebernommen.";Ist das Artefakt produktiv, optional, historisch oder nur mitgeliefert?
SRC-APP-0134;edwalt3;EDKHELP\Image207.gif;Image207.gif;GIF;15410;2004-11-29T11:04:04Z;Archive;36e60ceb5924b27df4bc0eb694b08c06767f84da36586fdea9001f3a472b5ce8;GIF;;Screenshot;"Hilfebild oder UI-Grafik; nur lokal geprueft, nicht uebernommen.";"Metadaten erfasst und lokal visuell geprueft; nicht in Git uebernommen.";Ist das Artefakt produktiv, optional, historisch oder nur mitgeliefert?
SRC-APP-0135;edwalt3;EDKHELP\Image208.gif;Image208.gif;GIF;15953;2004-11-29T11:04:04Z;Archive;e13745c61e2117365eb6d8a9e92256ad3e00e044e9234f13210f6fa5470d166a;GIF;;Screenshot;"Hilfebild oder UI-Grafik; nur lokal geprueft, nicht uebernommen.";"Metadaten erfasst und lokal visuell geprueft; nicht in Git uebernommen.";Ist das Artefakt produktiv, optional, historisch oder nur mitgeliefert?
SRC-APP-0136;edwalt3;EDKHELP\Image209.gif;Image209.gif;GIF;14369;2004-11-29T11:04:04Z;Archive;573b0e1bcc036e4f3c817a4f73727b82ec6a3666bc196af470d5f033415a5eaf;GIF;;Screenshot;"Hilfebild oder UI-Grafik; nur lokal geprueft, nicht uebernommen.";"Metadaten erfasst und lokal visuell geprueft; nicht in Git uebernommen.";Ist das Artefakt produktiv, optional, historisch oder nur mitgeliefert?
SRC-APP-0137;edwalt3;EDKHELP\Image210.gif;Image210.gif;GIF;14485;2004-11-29T11:04:04Z;Archive;7af65bb3b5fe77f6c7854661a9a473ec06bebfbba0fbf4464a9ea1caf8444268;GIF;;Screenshot;"Hilfebild oder UI-Grafik; nur lokal geprueft, nicht uebernommen.";"Metadaten erfasst und lokal visuell geprueft; nicht in Git uebernommen.";Ist das Artefakt produktiv, optional, historisch oder nur mitgeliefert?
SRC-APP-0138;edwalt3;EDKHELP\Image211.gif;Image211.gif;GIF;12981;2004-11-29T11:04:04Z;Archive;edd117aed047461f8ec006334943480f685315840eb5b2866e1e857ff8bc156d;GIF;;Screenshot;"Hilfebild oder UI-Grafik; nur lokal geprueft, nicht uebernommen.";"Metadaten erfasst und lokal visuell geprueft; nicht in Git uebernommen.";Ist das Artefakt produktiv, optional, historisch oder nur mitgeliefert?
SRC-APP-0139;edwalt3;EDKHELP\Image212.gif;Image212.gif;GIF;16359;2004-11-29T11:04:04Z;Archive;3e64fefe59bc798adb44e98afd859c7cea5c8c11a7f2ecd32fe725c022cad585;GIF;;Screenshot;"Hilfebild oder UI-Grafik; nur lokal geprueft, nicht uebernommen.";"Metadaten erfasst und lokal visuell geprueft; nicht in Git uebernommen.";Ist das Artefakt produktiv, optional, historisch oder nur mitgeliefert?
SRC-APP-0140;edwalt3;EDKHELP\Image213.gif;Image213.gif;GIF;8175;2004-11-29T11:04:04Z;Archive;a0ab7fee99832eeb14ad9430e1f3642b31a083c5c042f5975de16d7f2567345e;GIF;;Screenshot;"Hilfebild oder UI-Grafik; nur lokal geprueft, nicht uebernommen.";"Metadaten erfasst und lokal visuell geprueft; nicht in Git uebernommen.";Ist das Artefakt produktiv, optional, historisch oder nur mitgeliefert?
SRC-APP-0141;edwalt3;EDKHELP\Image214.gif;Image214.gif;GIF;9572;2004-11-29T11:04:04Z;Archive;1d78101b7e93118b6338b008ffa4428776159600d3f1860c2f8b144cbfbad2bf;GIF;;Screenshot;"Hilfebild oder UI-Grafik; nur lokal geprueft, nicht uebernommen.";"Metadaten erfasst und lokal visuell geprueft; nicht in Git uebernommen.";Ist das Artefakt produktiv, optional, historisch oder nur mitgeliefert?
SRC-APP-0142;edwalt3;EDKHELP\Image215.gif;Image215.gif;GIF;15802;2004-11-29T11:04:04Z;Archive;397252a7ac48beed85dddba3fb765b2837ed42ec73ae26f95147e8b155c35ec0;GIF;;Screenshot;"Hilfebild oder UI-Grafik; nur lokal geprueft, nicht uebernommen.";"Metadaten erfasst und lokal visuell geprueft; nicht in Git uebernommen.";Ist das Artefakt produktiv, optional, historisch oder nur mitgeliefert?
SRC-APP-0143;edwalt3;EDKHELP\Image216.gif;Image216.gif;GIF;6303;2004-11-29T11:04:04Z;Archive;8adf49e29ccc8d66fa4c32585680bb44d88ce38a746fcfb818eb4b4ae4df24cd;GIF;;Screenshot;"Hilfebild oder UI-Grafik; nur lokal geprueft, nicht uebernommen.";"Metadaten erfasst und lokal visuell geprueft; nicht in Git uebernommen.";Ist das Artefakt produktiv, optional, historisch oder nur mitgeliefert?
SRC-APP-0144;edwalt3;EDKHELP\Image217.gif;Image217.gif;GIF;8203;2004-11-29T11:04:04Z;Archive;b7459533592424e020e94ceb5eca967800f310261991b1212e7c32815745f478;GIF;;Screenshot;"Hilfebild oder UI-Grafik; nur lokal geprueft, nicht uebernommen.";"Metadaten erfasst und lokal visuell geprueft; nicht in Git uebernommen.";Ist das Artefakt produktiv, optional, historisch oder nur mitgeliefert?
SRC-APP-0145;edwalt3;EDKHELP\Image218.gif;Image218.gif;GIF;381;2004-11-29T11:04:04Z;Archive;88dea88edcebb900c27f8bfbd139b5e65ff3360701f77f88a91f807867b80b46;GIF;;Screenshot;"Hilfebild oder UI-Grafik; nur lokal geprueft, nicht uebernommen.";"Metadaten erfasst und lokal visuell geprueft; nicht in Git uebernommen.";Ist das Artefakt produktiv, optional, historisch oder nur mitgeliefert?
SRC-APP-0146;edwalt3;EDKHELP\Image219.gif;Image219.gif;GIF;17091;2004-11-29T11:04:04Z;Archive;2095ce335c24974ddfac122d3e313481fe3034504209cef8e217f8cbb5e7632d;GIF;;Screenshot;"Hilfebild oder UI-Grafik; nur lokal geprueft, nicht uebernommen.";"Metadaten erfasst und lokal visuell geprueft; nicht in Git uebernommen.";Ist das Artefakt produktiv, optional, historisch oder nur mitgeliefert?
SRC-APP-0147;edwalt3;EDKHELP\Image220.gif;Image220.gif;GIF;15451;2004-11-29T11:04:06Z;Archive;e2dbe894f1209c3980adb090ad3c8c1f8406cbc137eab6e104edf265faadf544;GIF;;Screenshot;"Hilfebild oder UI-Grafik; nur lokal geprueft, nicht uebernommen.";"Metadaten erfasst und lokal visuell geprueft; nicht in Git uebernommen.";Ist das Artefakt produktiv, optional, historisch oder nur mitgeliefert?
SRC-APP-0148;edwalt3;EDKHELP\Image221.gif;Image221.gif;GIF;3727;2004-11-29T11:04:06Z;Archive;0a615527561601ac333553e806314729ddb638d0b7ca63fb4c674ae92a087689;GIF;;Screenshot;"Hilfebild oder UI-Grafik; nur lokal geprueft, nicht uebernommen.";"Metadaten erfasst und lokal visuell geprueft; nicht in Git uebernommen.";Ist das Artefakt produktiv, optional, historisch oder nur mitgeliefert?
SRC-APP-0149;edwalt3;EDKHELP\Image222.gif;Image222.gif;GIF;16159;2004-11-29T11:04:06Z;Archive;f63d52e8ecbaad83ed00da684d3744fe42da57449984fb607c7aceab3e878cd4;GIF;;Screenshot;"Hilfebild oder UI-Grafik; nur lokal geprueft, nicht uebernommen.";"Metadaten erfasst und lokal visuell geprueft; nicht in Git uebernommen.";Ist das Artefakt produktiv, optional, historisch oder nur mitgeliefert?
SRC-APP-0150;edwalt3;EDKHELP\Image223.gif;Image223.gif;GIF;4991;2004-11-29T11:04:06Z;Archive;46d574527a4c2966c88fef66b81ab8971584cfc4d81bb43080ef2d92f750d85c;GIF;;Screenshot;"Hilfebild oder UI-Grafik; nur lokal geprueft, nicht uebernommen.";"Metadaten erfasst und lokal visuell geprueft; nicht in Git uebernommen.";Ist das Artefakt produktiv, optional, historisch oder nur mitgeliefert?
SRC-APP-0151;edwalt3;EDKHELP\Image224.gif;Image224.gif;GIF;5396;2004-11-29T11:04:06Z;Archive;4102a29aa8533019123ace3ed341263919825ecf48fa0adc9a807a246a1dc3ab;GIF;;Screenshot;"Hilfebild oder UI-Grafik; nur lokal geprueft, nicht uebernommen.";"Metadaten erfasst und lokal visuell geprueft; nicht in Git uebernommen.";Ist das Artefakt produktiv, optional, historisch oder nur mitgeliefert?
SRC-APP-0152;edwalt3;EDKHELP\Image225.gif;Image225.gif;GIF;2797;2004-11-29T11:04:06Z;Archive;35f57913daac0070609e8405214e99a79ddf80bc3cf3255c5518579cbd842088;GIF;;Screenshot;"Hilfebild oder UI-Grafik; nur lokal geprueft, nicht uebernommen.";"Metadaten erfasst und lokal visuell geprueft; nicht in Git uebernommen.";Ist das Artefakt produktiv, optional, historisch oder nur mitgeliefert?
SRC-APP-0153;edwalt3;EDKHELP\Image226.gif;Image226.gif;GIF;2475;2004-11-29T11:04:06Z;Archive;4241f0bfbb4d49aaf856d4bf27827d39834d761dcb9e8a6e0ef1f28e9a0051b8;GIF;;Screenshot;"Hilfebild oder UI-Grafik; nur lokal geprueft, nicht uebernommen.";"Metadaten erfasst und lokal visuell geprueft; nicht in Git uebernommen.";Ist das Artefakt produktiv, optional, historisch oder nur mitgeliefert?
SRC-APP-0154;edwalt3;EDKHELP\Image227.gif;Image227.gif;GIF;15299;2004-11-29T11:04:06Z;Archive;7ef3babd195cf2d355cc07a33e21ea922f50da6d1550fdd92c82210e4b0d1d5e;GIF;;Screenshot;"Hilfebild oder UI-Grafik; nur lokal geprueft, nicht uebernommen.";"Metadaten erfasst und lokal visuell geprueft; nicht in Git uebernommen.";Ist das Artefakt produktiv, optional, historisch oder nur mitgeliefert?
SRC-APP-0155;edwalt3;EDKHELP\Image228.gif;Image228.gif;GIF;5799;2004-11-29T11:04:06Z;Archive;2e5eec36eb2d587bb973ab7d5337d1584716a91cf56a1423c033b2ef4046d735;GIF;;Screenshot;"Hilfebild oder UI-Grafik; nur lokal geprueft, nicht uebernommen.";"Metadaten erfasst und lokal visuell geprueft; nicht in Git uebernommen.";Ist das Artefakt produktiv, optional, historisch oder nur mitgeliefert?
SRC-APP-0156;edwalt3;EDKHELP\Image229.gif;Image229.gif;GIF;381;2004-11-29T11:04:06Z;Archive;88dea88edcebb900c27f8bfbd139b5e65ff3360701f77f88a91f807867b80b46;GIF;;Screenshot;"Hilfebild oder UI-Grafik; nur lokal geprueft, nicht uebernommen.";"Metadaten erfasst und lokal visuell geprueft; nicht in Git uebernommen.";Ist das Artefakt produktiv, optional, historisch oder nur mitgeliefert?
SRC-APP-0157;edwalt3;EDKHELP\Image230.gif;Image230.gif;GIF;13888;2004-11-29T11:04:06Z;Archive;dc1c7a74c739569dd7f76212bd802fd9562e3d68b3ded1b02badebb80513ade3;GIF;;Screenshot;"Hilfebild oder UI-Grafik; nur lokal geprueft, nicht uebernommen.";"Metadaten erfasst und lokal visuell geprueft; nicht in Git uebernommen.";Ist das Artefakt produktiv, optional, historisch oder nur mitgeliefert?
SRC-APP-0158;edwalt3;EDKHELP\Image231.gif;Image231.gif;GIF;8823;2004-11-29T11:04:06Z;Archive;b2e4fc10610bd87947468e74911cd9633c6f316d4c0ea4016ca3fd3943698135;GIF;;Screenshot;"Hilfebild oder UI-Grafik; nur lokal geprueft, nicht uebernommen.";"Metadaten erfasst und lokal visuell geprueft; nicht in Git uebernommen.";Ist das Artefakt produktiv, optional, historisch oder nur mitgeliefert?
SRC-APP-0159;edwalt3;EDKHELP\Image232.gif;Image232.gif;GIF;9596;2004-11-29T11:04:06Z;Archive;ff39da4b986284ef4e2750661b50551b42e087bee44502526f21200fe584a8d9;GIF;;Screenshot;"Hilfebild oder UI-Grafik; nur lokal geprueft, nicht uebernommen.";"Metadaten erfasst und lokal visuell geprueft; nicht in Git uebernommen.";Ist das Artefakt produktiv, optional, historisch oder nur mitgeliefert?
SRC-APP-0160;edwalt3;EDKHELP\Thumbs.db;Thumbs.db;DB;119296;2010-08-18T09:57:05.078000Z;"Hidden; System; Archive";0ffb6fce191a4712c0550996a83cd07cc63c4f82168c1a4efe0e65e0ad07880b;OLE-Compound-Document;;Hilfe;Lokale Produkt- oder Laufzeithilfe.;"Metadaten, SHA-256 und Header statisch erfasst; nicht ausgefuehrt.";Ist das Artefakt produktiv, optional, historisch oder nur mitgeliefert?
SRC-APP-0161;edwalt3;EDW.BMP;EDW.BMP;BMP;630;1995-05-03T18:17:00Z;Archive;92d94a2f39c3b3087ed5ea30c4f72b8599749ce676ff39c8f1cf055cf26f16de;BMP;;Screenshot;"Hilfebild oder UI-Grafik; nur lokal geprueft, nicht uebernommen.";"Metadaten und Header erfasst; nicht ausgefuehrt und nicht in Git uebernommen; visuelle/fachliche Zuordnung offen.";Ist das Artefakt produktiv, optional, historisch oder nur mitgeliefert?
SRC-APP-0162;edwalt3;EDW.GS;EDW.GS;GS;722560;2006-05-20T10:22:22Z;Archive;1b94f050e99a6ec6c3963416db067216f07a0e3e988882304e2cdb6a30b35430;unbekanntes Binaerformat;;Programmkern;"Start- oder Kernkomponente; Ausfuehrung verboten.";"Metadaten, SHA-256 und Header statisch erfasst; nicht ausgefuehrt.";Ist das Artefakt produktiv, optional, historisch oder nur mitgeliefert?
SRC-APP-0163;edwalt3;EDW.ICN;EDW.ICN;ICN;2461;2002-11-13T14:37:00Z;Archive;dfae7b80bc487dcebe046f835c9557e26d2ef21a23e62b0fed7e47e15a7f4f23;Text/ASCII- oder ANSI-nah;;unbekannt;Funktion oder Format noch nicht sicher bestimmbar.;"Metadaten, SHA-256 und Header statisch erfasst; nicht ausgefuehrt.";Wie sind Format und Aufgabe ohne schreibenden Zugriff sicher zu bestaetigen?
SRC-APP-0164;edwalt3;EDW.ICO;EDW.ICO;ICO;766;1994-11-22T17:24:00Z;Archive;342ee37da4f3040a8cec9bc64dc56f6372d8a2555e5c2063e04579491e5e7bd8;Windows-Icon/Cursor;;Screenshot;"Hilfebild oder UI-Grafik; nur lokal geprueft, nicht uebernommen.";"Metadaten und Header erfasst; nicht ausgefuehrt und nicht in Git uebernommen; visuelle/fachliche Zuordnung offen.";Ist das Artefakt produktiv, optional, historisch oder nur mitgeliefert?
SRC-APP-0165;edwalt3;EDW32.BMP;EDW32.BMP;BMP;630;1998-08-26T16:42:00Z;Archive;6e015d98946883366118641a87d3550087b37b7d42248c5e429b5f6e5e518135;BMP;;Screenshot;"Hilfebild oder UI-Grafik; nur lokal geprueft, nicht uebernommen.";"Metadaten und Header erfasst; nicht ausgefuehrt und nicht in Git uebernommen; visuelle/fachliche Zuordnung offen.";Ist das Artefakt produktiv, optional, historisch oder nur mitgeliefert?
SRC-APP-0166;edwalt3;EDW3_32.EXE;EDW3_32.EXE;EXE;5797060;2003-05-09T07:45:08Z;Archive;71d98199da398ff888b198a59696757f73cdc0f9918b8d68c89964556adaca7a;PE/Windows-Programmdatei;;Programmkern;"Start- oder Kernkomponente; Ausfuehrung verboten.";"Metadaten, SHA-256 und Header statisch erfasst; nicht ausgefuehrt.";Ist das Artefakt produktiv, optional, historisch oder nur mitgeliefert?
SRC-APP-0167;edwalt3;EDW3HELP.DLL;EDW3HELP.DLL;DLL;20480;2007-06-27T12:12:54Z;Archive;b95b7ad7b8a82b64ca09c0820c8ace17fbe31e95567aa70b6b4dab74a8354e4e;PE/Windows-Programmdatei;;Fachmodul;"Moegliche Fach- oder Zusatzfunktion; Aufgabe anhand weiterer Evidenz zu klaeren.";"Metadaten, SHA-256 und Header statisch erfasst; nicht ausgefuehrt.";Wird die Komponente/Funktion heute genutzt und in welchem Prozess?
SRC-APP-0168;edwalt3;EDW3SBAR.DLL;EDW3SBAR.DLL;DLL;32768;2007-06-27T12:12:50Z;Archive;9431967c0c7c82569a38a55c4f50ddaf2dd332f6951ad7850a7878ff34c5578f;PE/Windows-Programmdatei;;Fachmodul;"Moegliche Fach- oder Zusatzfunktion; Aufgabe anhand weiterer Evidenz zu klaeren.";"Metadaten, SHA-256 und Header statisch erfasst; nicht ausgefuehrt.";Wird die Komponente/Funktion heute genutzt und in welchem Prozess?
SRC-APP-0169;edwalt3;EDW50.BMP;EDW50.BMP;BMP;1518;1995-05-03T18:19:00Z;Archive;312423da4505709c4e90997d52d411275b6791a6016fd1ffaa89560c282964bc;BMP;;Screenshot;"Hilfebild oder UI-Grafik; nur lokal geprueft, nicht uebernommen.";"Metadaten und Header erfasst; nicht ausgefuehrt und nicht in Git uebernommen; visuelle/fachliche Zuordnung offen.";Ist das Artefakt produktiv, optional, historisch oder nur mitgeliefert?
SRC-APP-0170;edwalt3;EDWALT3.EXE;EDWALT3.EXE;EXE;593920;2007-06-27T12:12:04Z;Archive;d3f9acb8ec33ea1b56cce3d5a9786600e30d8b1fe53745266efd3205b96d1752;PE/Windows-Programmdatei;;Programmkern;"Start- oder Kernkomponente; Ausfuehrung verboten.";"Metadaten, SHA-256 und Header statisch erfasst; nicht ausgefuehrt.";Ist das Artefakt produktiv, optional, historisch oder nur mitgeliefert?
SRC-APP-0171;edwalt3;EDWALT3.INI;EDWALT3.INI;INI;3986;2013-08-05T12:08:56.132000Z;Archive;23228bf0efcd0ee243945765afe998dd06467bee8186319276543ca7a9d68d15;Text/ASCII- oder ANSI-nah;;Konfiguration;"Betriebs-, Funktions- oder Drucksteuerung; Werte werden nicht offengelegt.";"Metadaten, SHA-256 und Header statisch erfasst; nicht ausgefuehrt.";"Welche Schluessel sind produktiv relevant; welche Werte duerfen spaeter migriert werden?"
SRC-APP-0172;edwalt3;EDWDFUE.DLL;EDWDFUE.DLL;DLL;262144;2007-06-27T12:12:30Z;Archive;c919764757d89070d26d0b48552dc25c3638c7c8a5ef87a7ade036a3be3baeac;PE/Windows-Programmdatei;;Import/Export;Moegliche Schnittstellen- oder Uebergabekomponente.;"Metadaten, SHA-256 und Header statisch erfasst; nicht ausgefuehrt.";Wird die Komponente/Funktion heute genutzt und in welchem Prozess?
SRC-APP-0173;edwalt3;EDWDFUE.GS;EDWDFUE.GS;GS;30080;2004-02-12T20:24:18Z;Archive;2746eec55fd239e6bcc9138d24b45c916ddbff45c88102edda39eabfaadb57cc;unbekanntes Binaerformat;;Import/Export;Moegliche Schnittstellen- oder Uebergabekomponente.;"Metadaten, SHA-256 und Header statisch erfasst; nicht ausgefuehrt.";Wird die Komponente/Funktion heute genutzt und in welchem Prozess?
SRC-APP-0174;edwalt3;EDWDRAUF.DLL;EDWDRAUF.DLL;DLL;245760;2007-06-27T12:12:22Z;Archive;6b1561a3bdd02a2c1c722c56d28a5b0534cd7f3717a5e3d89d99d3c59f0e9665;PE/Windows-Programmdatei;;Fachmodul;"Moegliche Fach- oder Zusatzfunktion; Aufgabe anhand weiterer Evidenz zu klaeren.";"Metadaten, SHA-256 und Header statisch erfasst; nicht ausgefuehrt.";Wird die Komponente/Funktion heute genutzt und in welchem Prozess?
SRC-APP-0175;edwalt3;EDWDRAUF.GS;EDWDRAUF.GS;GS;46336;2006-02-03T09:36:16Z;Archive;cde11dac6bdd7b581232f47cc733f5d9cab5efbbef78eaab07387dd1985728e5;unbekanntes Binaerformat;;Fachmodul;"Moegliche Fach- oder Zusatzfunktion; Aufgabe anhand weiterer Evidenz zu klaeren.";"Metadaten, SHA-256 und Header statisch erfasst; nicht ausgefuehrt.";Wird die Komponente/Funktion heute genutzt und in welchem Prozess?
SRC-APP-0176;edwalt3;EDWDRAUK.dll;EDWDRAUK.dll;DLL;245760;2007-06-27T12:13:00Z;Archive;a58439b887bfd57ca2957ef407e421e9600eaefbb2edb3e0d46fe5ee841d9c5e;PE/Windows-Programmdatei;;Fachmodul;"Moegliche Fach- oder Zusatzfunktion; Aufgabe anhand weiterer Evidenz zu klaeren.";"Metadaten, SHA-256 und Header statisch erfasst; nicht ausgefuehrt.";Wird die Komponente/Funktion heute genutzt und in welchem Prozess?
SRC-APP-0177;edwalt3;EDWDRAUK.GS;EDWDRAUK.GS;GS;46336;2003-03-29T13:05:36Z;Archive;4a2fb0ef6acf53732f5ee5d2cc982911656ef0c73d638b997e60c715889adbe4;unbekanntes Binaerformat;;Fachmodul;"Moegliche Fach- oder Zusatzfunktion; Aufgabe anhand weiterer Evidenz zu klaeren.";"Metadaten, SHA-256 und Header statisch erfasst; nicht ausgefuehrt.";Wird die Komponente/Funktion heute genutzt und in welchem Prozess?
SRC-APP-0178;edwalt3;EDWHELP\EDWHELP.htm;EDWHELP.htm;HTM;255303;2004-07-15T07:38:42Z;Archive;160acba45fb26d5e8ad35d7d9bcc9fb3e8719f87f11ea8ec44f0717f2538e054;Text/ASCII- oder ANSI-nah;;Hilfe;Lokale Produkt- oder Laufzeithilfe.;"Vollstaendig strukturell geparst; Bildreferenzen lokal abgeglichen; keine Skripte ausgefuehrt.";Ist das Artefakt produktiv, optional, historisch oder nur mitgeliefert?
SRC-APP-0179;edwalt3;EDWHELP\Image110.gif;Image110.gif;GIF;381;2004-07-15T07:38:20Z;Archive;88dea88edcebb900c27f8bfbd139b5e65ff3360701f77f88a91f807867b80b46;GIF;;Screenshot;"Hilfebild oder UI-Grafik; nur lokal geprueft, nicht uebernommen.";"Metadaten erfasst und lokal visuell geprueft; nicht in Git uebernommen.";Ist das Artefakt produktiv, optional, historisch oder nur mitgeliefert?
SRC-APP-0180;edwalt3;EDWHELP\Image111.gif;Image111.gif;GIF;381;2004-07-15T07:38:22Z;Archive;88dea88edcebb900c27f8bfbd139b5e65ff3360701f77f88a91f807867b80b46;GIF;;Screenshot;"Hilfebild oder UI-Grafik; nur lokal geprueft, nicht uebernommen.";"Metadaten erfasst und lokal visuell geprueft; nicht in Git uebernommen.";Ist das Artefakt produktiv, optional, historisch oder nur mitgeliefert?
SRC-APP-0181;edwalt3;EDWHELP\Image112.gif;Image112.gif;GIF;9910;2004-07-15T07:38:22Z;Archive;c57dcbe27faa135c921d5674a96bcaf4640c55d65d11a4323c6184ecd7fe026e;GIF;;Screenshot;"Hilfebild oder UI-Grafik; nur lokal geprueft, nicht uebernommen.";"Metadaten erfasst und lokal visuell geprueft; nicht in Git uebernommen.";Ist das Artefakt produktiv, optional, historisch oder nur mitgeliefert?
SRC-APP-0182;edwalt3;EDWHELP\Image113.gif;Image113.gif;GIF;19873;2004-07-15T07:38:22Z;Archive;2a53ae2fe160fe41e0b0fff2f37ef842636ead2131e1bbdc8e4d8cf03f909e0f;GIF;;Screenshot;"Hilfebild oder UI-Grafik; nur lokal geprueft, nicht uebernommen.";"Metadaten erfasst und lokal visuell geprueft; nicht in Git uebernommen.";Ist das Artefakt produktiv, optional, historisch oder nur mitgeliefert?
SRC-APP-0183;edwalt3;EDWHELP\Image114.gif;Image114.gif;GIF;18260;2004-07-15T07:38:22Z;Archive;97389a4609705adbe2cbc9e0848ab39cebce2018ead2c8291d7baa44bcd6b8b7;GIF;;Screenshot;"Hilfebild oder UI-Grafik; nur lokal geprueft, nicht uebernommen.";"Metadaten erfasst und lokal visuell geprueft; nicht in Git uebernommen.";Ist das Artefakt produktiv, optional, historisch oder nur mitgeliefert?
SRC-APP-0184;edwalt3;EDWHELP\Image115.gif;Image115.gif;GIF;15595;2004-07-15T07:38:22Z;Archive;f9f4b3ea56963f0b2021c61aeb9dbd207e19ece3e6bb62a2511f4cbcb2649233;GIF;;Screenshot;"Hilfebild oder UI-Grafik; nur lokal geprueft, nicht uebernommen.";"Metadaten erfasst und lokal visuell geprueft; nicht in Git uebernommen.";Ist das Artefakt produktiv, optional, historisch oder nur mitgeliefert?
SRC-APP-0185;edwalt3;EDWHELP\Image116.gif;Image116.gif;GIF;15777;2004-07-15T07:38:22Z;Archive;30b24499b1c6fbf1b4d9445ead7ab7d0bed5b1330fa4f6ef97c0fd5d261cb7bb;GIF;;Screenshot;"Hilfebild oder UI-Grafik; nur lokal geprueft, nicht uebernommen.";"Metadaten erfasst und lokal visuell geprueft; nicht in Git uebernommen.";Ist das Artefakt produktiv, optional, historisch oder nur mitgeliefert?
SRC-APP-0186;edwalt3;EDWHELP\Image117.gif;Image117.gif;GIF;20824;2004-07-15T07:38:22Z;Archive;b55206ddf4ac5b3648a6c0c8856ec7748f8fb358ff9c9b9f963222751b7d1cf9;GIF;;Screenshot;"Hilfebild oder UI-Grafik; nur lokal geprueft, nicht uebernommen.";"Metadaten erfasst und lokal visuell geprueft; nicht in Git uebernommen.";Ist das Artefakt produktiv, optional, historisch oder nur mitgeliefert?
SRC-APP-0187;edwalt3;EDWHELP\Image118.gif;Image118.gif;GIF;17260;2004-07-15T07:38:22Z;Archive;216061f480e83efaea5f500226231a69e63a12ff6eaf69f452b24f9110bb09cd;GIF;;Screenshot;"Hilfebild oder UI-Grafik; nur lokal geprueft, nicht uebernommen.";"Metadaten erfasst und lokal visuell geprueft; nicht in Git uebernommen.";Ist das Artefakt produktiv, optional, historisch oder nur mitgeliefert?
SRC-APP-0188;edwalt3;EDWHELP\Image119.gif;Image119.gif;GIF;21371;2004-07-15T07:38:22Z;Archive;16c437ba4ef0a6c9997a036c7c01e9a8b652b8e4e2cc4e5817a8cfe82a96046b;GIF;;Screenshot;"Hilfebild oder UI-Grafik; nur lokal geprueft, nicht uebernommen.";"Metadaten erfasst und lokal visuell geprueft; nicht in Git uebernommen.";Ist das Artefakt produktiv, optional, historisch oder nur mitgeliefert?
SRC-APP-0189;edwalt3;EDWHELP\Image120.gif;Image120.gif;GIF;8649;2004-07-15T07:38:22Z;Archive;32f685bf4d73a52b91d2f1e378eec638b5b80c4077051bcdf5a432c6e98d74be;GIF;;Screenshot;"Hilfebild oder UI-Grafik; nur lokal geprueft, nicht uebernommen.";"Metadaten erfasst und lokal visuell geprueft; nicht in Git uebernommen.";Ist das Artefakt produktiv, optional, historisch oder nur mitgeliefert?
SRC-APP-0190;edwalt3;EDWHELP\Image121.gif;Image121.gif;GIF;10159;2004-07-15T07:38:24Z;Archive;5fabe10c67f1cf7411abd2605d3b366d4dc546eebbe5e8c9b14748c323bb927b;GIF;;Screenshot;"Hilfebild oder UI-Grafik; nur lokal geprueft, nicht uebernommen.";"Metadaten erfasst und lokal visuell geprueft; nicht in Git uebernommen.";Ist das Artefakt produktiv, optional, historisch oder nur mitgeliefert?
SRC-APP-0191;edwalt3;EDWHELP\Image122.gif;Image122.gif;GIF;9875;2004-07-15T07:38:24Z;Archive;1ae49ce2014ac29dd3d5774b5a060ec0ad04449607cfe2c4106eb327021f0614;GIF;;Screenshot;"Hilfebild oder UI-Grafik; nur lokal geprueft, nicht uebernommen.";"Metadaten erfasst und lokal visuell geprueft; nicht in Git uebernommen.";Ist das Artefakt produktiv, optional, historisch oder nur mitgeliefert?
SRC-APP-0192;edwalt3;EDWHELP\Image123.gif;Image123.gif;GIF;20255;2004-07-15T07:38:24Z;Archive;53a66b75bc9e6dfdde366796d6f3ea180c1a8267433b946b87eda3e4864d76ea;GIF;;Screenshot;"Hilfebild oder UI-Grafik; nur lokal geprueft, nicht uebernommen.";"Metadaten erfasst und lokal visuell geprueft; nicht in Git uebernommen.";Ist das Artefakt produktiv, optional, historisch oder nur mitgeliefert?
SRC-APP-0193;edwalt3;EDWHELP\Image124.gif;Image124.gif;GIF;14480;2004-07-15T07:38:24Z;Archive;4c223223397d06d37fcd57da07680ac6ae415ef8595e49310203a61bc01e6d2f;GIF;;Screenshot;"Hilfebild oder UI-Grafik; nur lokal geprueft, nicht uebernommen.";"Metadaten erfasst und lokal visuell geprueft; nicht in Git uebernommen.";Ist das Artefakt produktiv, optional, historisch oder nur mitgeliefert?
SRC-APP-0194;edwalt3;EDWHELP\Image125.gif;Image125.gif;GIF;39884;2004-07-15T07:38:24Z;Archive;ebc3d4c7df9c8c30451669713eb7e33fc6f80894360b636dfed81f666579b5a3;GIF;;Screenshot;"Hilfebild oder UI-Grafik; nur lokal geprueft, nicht uebernommen.";"Metadaten erfasst und lokal visuell geprueft; nicht in Git uebernommen.";Ist das Artefakt produktiv, optional, historisch oder nur mitgeliefert?
SRC-APP-0195;edwalt3;EDWHELP\Image126.gif;Image126.gif;GIF;15055;2004-07-15T07:38:24Z;Archive;fd594d6097effac7a4daf9e5d476230a4ad0206f225eeac7bf8ae463fd17c0b1;GIF;;Screenshot;"Hilfebild oder UI-Grafik; nur lokal geprueft, nicht uebernommen.";"Metadaten erfasst und lokal visuell geprueft; nicht in Git uebernommen.";Ist das Artefakt produktiv, optional, historisch oder nur mitgeliefert?
SRC-APP-0196;edwalt3;EDWHELP\Image127.gif;Image127.gif;GIF;15105;2004-07-15T07:38:24Z;Archive;33f6d412082b8c54da860f7ef9151abc60383a2bfa07bb85924f0c593e460763;GIF;;Screenshot;"Hilfebild oder UI-Grafik; nur lokal geprueft, nicht uebernommen.";"Metadaten erfasst und lokal visuell geprueft; nicht in Git uebernommen.";Ist das Artefakt produktiv, optional, historisch oder nur mitgeliefert?
SRC-APP-0197;edwalt3;EDWHELP\Image128.gif;Image128.gif;GIF;48783;2004-07-15T07:38:24Z;Archive;aabd934493b4c5c2059c2687daa967e516a72cf51920b0ff59f7b22946841292;GIF;;Screenshot;"Hilfebild oder UI-Grafik; nur lokal geprueft, nicht uebernommen.";"Metadaten erfasst und lokal visuell geprueft; nicht in Git uebernommen.";Ist das Artefakt produktiv, optional, historisch oder nur mitgeliefert?
SRC-APP-0198;edwalt3;EDWHELP\Image129.gif;Image129.gif;GIF;21560;2004-07-15T07:38:26Z;Archive;326747fbe617fa5c452455b66a985d9f7c8d1e6dd542686ba4efdbdc2386866b;GIF;;Screenshot;"Hilfebild oder UI-Grafik; nur lokal geprueft, nicht uebernommen.";"Metadaten erfasst und lokal visuell geprueft; nicht in Git uebernommen.";Ist das Artefakt produktiv, optional, historisch oder nur mitgeliefert?
SRC-APP-0199;edwalt3;EDWHELP\Image130.gif;Image130.gif;GIF;26374;2004-07-15T07:38:26Z;Archive;2d72022c3448f8edcb82738fd8be5d9f47f8ccb5b819632fc2e283887b610276;GIF;;Screenshot;"Hilfebild oder UI-Grafik; nur lokal geprueft, nicht uebernommen.";"Metadaten erfasst und lokal visuell geprueft; nicht in Git uebernommen.";Ist das Artefakt produktiv, optional, historisch oder nur mitgeliefert?
SRC-APP-0200;edwalt3;EDWHELP\Image131.gif;Image131.gif;GIF;23059;2004-07-15T07:38:26Z;Archive;3ac4d148c55d480d64bb5cede69b6efc9d244231b6264d38196aae503d317352;GIF;;Screenshot;"Hilfebild oder UI-Grafik; nur lokal geprueft, nicht uebernommen.";"Metadaten erfasst und lokal visuell geprueft; nicht in Git uebernommen.";Ist das Artefakt produktiv, optional, historisch oder nur mitgeliefert?
SRC-APP-0201;edwalt3;EDWHELP\Image132.gif;Image132.gif;GIF;5841;2004-07-15T07:38:26Z;Archive;0bdc22757cc74b0881497186713b593fd2307934a9455d66a81e6fee8077ebeb;GIF;;Screenshot;"Hilfebild oder UI-Grafik; nur lokal geprueft, nicht uebernommen.";"Metadaten erfasst und lokal visuell geprueft; nicht in Git uebernommen.";Ist das Artefakt produktiv, optional, historisch oder nur mitgeliefert?
SRC-APP-0202;edwalt3;EDWHELP\Image133.gif;Image133.gif;GIF;11587;2004-07-15T07:38:26Z;Archive;d3ba7148d0c8e67bbf74080b911101cd135cd84eb4c259dfcbc727aada57bede;GIF;;Screenshot;"Hilfebild oder UI-Grafik; nur lokal geprueft, nicht uebernommen.";"Metadaten erfasst und lokal visuell geprueft; nicht in Git uebernommen.";Ist das Artefakt produktiv, optional, historisch oder nur mitgeliefert?
SRC-APP-0203;edwalt3;EDWHELP\Image134.gif;Image134.gif;GIF;17027;2004-07-15T07:38:26Z;Archive;97287b7a5eb1b4907193c9d0744c6ae00c5fabd1cce2f64262d5004a9885c6f6;GIF;;Screenshot;"Hilfebild oder UI-Grafik; nur lokal geprueft, nicht uebernommen.";"Metadaten erfasst und lokal visuell geprueft; nicht in Git uebernommen.";Ist das Artefakt produktiv, optional, historisch oder nur mitgeliefert?
SRC-APP-0204;edwalt3;EDWHELP\Image135.gif;Image135.gif;GIF;21747;2004-07-15T07:38:26Z;Archive;a3cd5b63b80a61bf63fb60ff891e1a2382d00e8933459b6ff3e0756e891c1e1a;GIF;;Screenshot;"Hilfebild oder UI-Grafik; nur lokal geprueft, nicht uebernommen.";"Metadaten erfasst und lokal visuell geprueft; nicht in Git uebernommen.";Ist das Artefakt produktiv, optional, historisch oder nur mitgeliefert?
SRC-APP-0205;edwalt3;EDWHELP\Image136.gif;Image136.gif;GIF;54375;2004-07-15T07:38:26Z;Archive;b5fb1ed08da66ec78d4a95c0a4e8fd24a9e71dd5d98f5fda853e6a8f8e98a6a3;GIF;;Screenshot;"Hilfebild oder UI-Grafik; nur lokal geprueft, nicht uebernommen.";"Metadaten erfasst und lokal visuell geprueft; nicht in Git uebernommen.";Ist das Artefakt produktiv, optional, historisch oder nur mitgeliefert?
SRC-APP-0206;edwalt3;EDWHELP\Image137.gif;Image137.gif;GIF;16719;2004-07-15T07:38:28Z;Archive;22a9f1c4eae27f3964f598f20a52c8d982e94ec8ed7040fcf21689e7ff79b422;GIF;;Screenshot;"Hilfebild oder UI-Grafik; nur lokal geprueft, nicht uebernommen.";"Metadaten erfasst und lokal visuell geprueft; nicht in Git uebernommen.";Ist das Artefakt produktiv, optional, historisch oder nur mitgeliefert?
SRC-APP-0207;edwalt3;EDWHELP\Image138.gif;Image138.gif;GIF;47206;2004-07-15T07:38:28Z;Archive;9dbe1c83495e5e380afb951dca0a5ddbb9dc0587ee56535aa3fc44b851b76bc4;GIF;;Screenshot;"Hilfebild oder UI-Grafik; nur lokal geprueft, nicht uebernommen.";"Metadaten erfasst und lokal visuell geprueft; nicht in Git uebernommen.";Ist das Artefakt produktiv, optional, historisch oder nur mitgeliefert?
SRC-APP-0208;edwalt3;EDWHELP\Image139.gif;Image139.gif;GIF;5130;2004-07-15T07:38:28Z;Archive;4fe9964a3c2c730c0cdf17294b77af75884001398a97ce2a2c4e141aaaea19f4;GIF;;Screenshot;"Hilfebild oder UI-Grafik; nur lokal geprueft, nicht uebernommen.";"Metadaten erfasst und lokal visuell geprueft; nicht in Git uebernommen.";Ist das Artefakt produktiv, optional, historisch oder nur mitgeliefert?
SRC-APP-0209;edwalt3;EDWHELP\Image140.gif;Image140.gif;GIF;16579;2004-07-15T07:38:28Z;Archive;023fa0d313217bbc244df8ab303c5d153858232165a90ef95458f9fb87adb7a3;GIF;;Screenshot;"Hilfebild oder UI-Grafik; nur lokal geprueft, nicht uebernommen.";"Metadaten erfasst und lokal visuell geprueft; nicht in Git uebernommen.";Ist das Artefakt produktiv, optional, historisch oder nur mitgeliefert?
SRC-APP-0210;edwalt3;EDWHELP\Image141.gif;Image141.gif;GIF;55744;2004-07-15T07:38:28Z;Archive;f16a7b0f60c614aa72897590c8a757fcde598607395d90ca10dfe75d10dd0ccd;GIF;;Screenshot;"Hilfebild oder UI-Grafik; nur lokal geprueft, nicht uebernommen.";"Metadaten erfasst und lokal visuell geprueft; nicht in Git uebernommen.";Ist das Artefakt produktiv, optional, historisch oder nur mitgeliefert?
SRC-APP-0211;edwalt3;EDWHELP\Image142.gif;Image142.gif;GIF;21035;2004-07-15T07:38:28Z;Archive;4dac167d7944c1745baef7f9afc5d8a9ab78f3aa350ff9bc6dc3022ea3a90aef;GIF;;Screenshot;"Hilfebild oder UI-Grafik; nur lokal geprueft, nicht uebernommen.";"Metadaten erfasst und lokal visuell geprueft; nicht in Git uebernommen.";Ist das Artefakt produktiv, optional, historisch oder nur mitgeliefert?
SRC-APP-0212;edwalt3;EDWHELP\Image143.gif;Image143.gif;GIF;9307;2004-07-15T07:38:28Z;Archive;b9995cc6caa52950c6e08ed89a0bf942f9d6a6617a75a91866dd2b5625cc4c4b;GIF;;Screenshot;"Hilfebild oder UI-Grafik; nur lokal geprueft, nicht uebernommen.";"Metadaten erfasst und lokal visuell geprueft; nicht in Git uebernommen.";Ist das Artefakt produktiv, optional, historisch oder nur mitgeliefert?
SRC-APP-0213;edwalt3;EDWHELP\Image144.gif;Image144.gif;GIF;21631;2004-07-15T07:38:28Z;Archive;35cfdde90434e04915d606005f74d0290ba8c1626b9d1f4454aae58e276cbd56;GIF;;Screenshot;"Hilfebild oder UI-Grafik; nur lokal geprueft, nicht uebernommen.";"Metadaten erfasst und lokal visuell geprueft; nicht in Git uebernommen.";Ist das Artefakt produktiv, optional, historisch oder nur mitgeliefert?
SRC-APP-0214;edwalt3;EDWHELP\Image145.gif;Image145.gif;GIF;24764;2004-07-15T07:38:30Z;Archive;1d400de33d74afa224862958b9c4f6a7ff638ff59e5f5d04a0522fc0317adf44;GIF;;Screenshot;"Hilfebild oder UI-Grafik; nur lokal geprueft, nicht uebernommen.";"Metadaten erfasst und lokal visuell geprueft; nicht in Git uebernommen.";Ist das Artefakt produktiv, optional, historisch oder nur mitgeliefert?
SRC-APP-0215;edwalt3;EDWHELP\Image146.gif;Image146.gif;GIF;24683;2004-07-15T07:38:30Z;Archive;d0a0353f1441c9be6d380af58569a20c0b2c390891c4a5f35c113dba616c3d46;GIF;;Screenshot;"Hilfebild oder UI-Grafik; nur lokal geprueft, nicht uebernommen.";"Metadaten erfasst und lokal visuell geprueft; nicht in Git uebernommen.";Ist das Artefakt produktiv, optional, historisch oder nur mitgeliefert?
SRC-APP-0216;edwalt3;EDWHELP\Image147.gif;Image147.gif;GIF;24262;2004-07-15T07:38:30Z;Archive;d3f04b27dfd9124020ee74e522f52e8054f0976fe93ff114c5b2577050bc46ca;GIF;;Screenshot;"Hilfebild oder UI-Grafik; nur lokal geprueft, nicht uebernommen.";"Metadaten erfasst und lokal visuell geprueft; nicht in Git uebernommen.";Ist das Artefakt produktiv, optional, historisch oder nur mitgeliefert?
SRC-APP-0217;edwalt3;EDWHELP\Image148.gif;Image148.gif;GIF;45790;2004-07-15T07:38:30Z;Archive;0df394790cff240efa165db76b3256df7d54997c079945f29b94ea61682e0d43;GIF;;Screenshot;"Hilfebild oder UI-Grafik; nur lokal geprueft, nicht uebernommen.";"Metadaten erfasst und lokal visuell geprueft; nicht in Git uebernommen.";Ist das Artefakt produktiv, optional, historisch oder nur mitgeliefert?
SRC-APP-0218;edwalt3;EDWHELP\Image149.gif;Image149.gif;GIF;38227;2004-07-15T07:38:30Z;Archive;9722d2167ff668d3ef30ab7c5b13b5e27d866063b899fcb62e7eb486b515b1ac;GIF;;Screenshot;"Hilfebild oder UI-Grafik; nur lokal geprueft, nicht uebernommen.";"Metadaten erfasst und lokal visuell geprueft; nicht in Git uebernommen.";Ist das Artefakt produktiv, optional, historisch oder nur mitgeliefert?
SRC-APP-0219;edwalt3;EDWHELP\Image150.gif;Image150.gif;GIF;46392;2004-07-15T07:38:30Z;Archive;c44c62db6825dbfceb41c9e10d6152758daf81547de0f9f97095e972adf4d8b5;GIF;;Screenshot;"Hilfebild oder UI-Grafik; nur lokal geprueft, nicht uebernommen.";"Metadaten erfasst und lokal visuell geprueft; nicht in Git uebernommen.";Ist das Artefakt produktiv, optional, historisch oder nur mitgeliefert?
SRC-APP-0220;edwalt3;EDWHELP\Image151.gif;Image151.gif;GIF;13511;2004-07-15T07:38:32Z;Archive;006f03e1612b875a33eadcab2a4aa899302ac07605836de058b63d746a20e955;GIF;;Screenshot;"Hilfebild oder UI-Grafik; nur lokal geprueft, nicht uebernommen.";"Metadaten erfasst und lokal visuell geprueft; nicht in Git uebernommen.";Ist das Artefakt produktiv, optional, historisch oder nur mitgeliefert?
SRC-APP-0221;edwalt3;EDWHELP\Image152.gif;Image152.gif;GIF;8429;2004-07-15T07:38:32Z;Archive;53d62ee5eb8bcc1dec3507730490dc3d2e89cc525e2cd78203ee4909e3205b62;GIF;;Screenshot;"Hilfebild oder UI-Grafik; nur lokal geprueft, nicht uebernommen.";"Metadaten erfasst und lokal visuell geprueft; nicht in Git uebernommen.";Ist das Artefakt produktiv, optional, historisch oder nur mitgeliefert?
SRC-APP-0222;edwalt3;EDWHELP\Image153.gif;Image153.gif;GIF;49942;2004-07-15T07:38:32Z;Archive;e426bb8d7bab14a7ff74ab723c26af3ae033b9420c88bc0e48e3aa0c8b2b4d8e;GIF;;Screenshot;"Hilfebild oder UI-Grafik; nur lokal geprueft, nicht uebernommen.";"Metadaten erfasst und lokal visuell geprueft; nicht in Git uebernommen.";Ist das Artefakt produktiv, optional, historisch oder nur mitgeliefert?
SRC-APP-0223;edwalt3;EDWHELP\Image154.gif;Image154.gif;GIF;45341;2004-07-15T07:38:32Z;Archive;b1aab1adf37d76baa028f5606a25be427dfa15d68863a558cf4e2127a6d908a3;GIF;;Screenshot;"Hilfebild oder UI-Grafik; nur lokal geprueft, nicht uebernommen.";"Metadaten erfasst und lokal visuell geprueft; nicht in Git uebernommen.";Ist das Artefakt produktiv, optional, historisch oder nur mitgeliefert?
SRC-APP-0224;edwalt3;EDWHELP\Image155.gif;Image155.gif;GIF;48632;2004-07-15T07:38:32Z;Archive;1a76c437546927824fbeaa3c3fa14ba2bdfca5667bfbedc10b978752f82183c3;GIF;;Screenshot;"Hilfebild oder UI-Grafik; nur lokal geprueft, nicht uebernommen.";"Metadaten erfasst und lokal visuell geprueft; nicht in Git uebernommen.";Ist das Artefakt produktiv, optional, historisch oder nur mitgeliefert?
SRC-APP-0225;edwalt3;EDWHELP\Image156.gif;Image156.gif;GIF;45500;2004-07-15T07:38:34Z;Archive;0d76522ddb060d72794a26d90b157b39927091cc28e899c67d23ff34f7752a7b;GIF;;Screenshot;"Hilfebild oder UI-Grafik; nur lokal geprueft, nicht uebernommen.";"Metadaten erfasst und lokal visuell geprueft; nicht in Git uebernommen.";Ist das Artefakt produktiv, optional, historisch oder nur mitgeliefert?
SRC-APP-0226;edwalt3;EDWHELP\Image157.gif;Image157.gif;GIF;50497;2004-07-15T07:38:34Z;Archive;ba4499697466a20dbd85e93656005ddb796fd91b19f6608ce5955ebdc760f0a0;GIF;;Screenshot;"Hilfebild oder UI-Grafik; nur lokal geprueft, nicht uebernommen.";"Metadaten erfasst und lokal visuell geprueft; nicht in Git uebernommen.";Ist das Artefakt produktiv, optional, historisch oder nur mitgeliefert?
SRC-APP-0227;edwalt3;EDWHELP\Image158.gif;Image158.gif;GIF;24763;2004-07-15T07:38:34Z;Archive;8e61f136d80884d58c64c317b168a79d471848eef38a8fc05f39ac43efe003b8;GIF;;Screenshot;"Hilfebild oder UI-Grafik; nur lokal geprueft, nicht uebernommen.";"Metadaten erfasst und lokal visuell geprueft; nicht in Git uebernommen.";Ist das Artefakt produktiv, optional, historisch oder nur mitgeliefert?
SRC-APP-0228;edwalt3;EDWHELP\Image159.gif;Image159.gif;GIF;48713;2004-07-15T07:38:34Z;Archive;3178fdb7309a7745e9538500b8e8a9c5f69f221c6220b6bf1b56d138a3dc0ce8;GIF;;Screenshot;"Hilfebild oder UI-Grafik; nur lokal geprueft, nicht uebernommen.";"Metadaten erfasst und lokal visuell geprueft; nicht in Git uebernommen.";Ist das Artefakt produktiv, optional, historisch oder nur mitgeliefert?
SRC-APP-0229;edwalt3;EDWHELP\Image160.gif;Image160.gif;GIF;44640;2004-07-15T07:38:34Z;Archive;a67174f4ae88a368e9ef0a610a6e9f669c71d6c410e70fecec9f24b5083f9167;GIF;;Screenshot;"Hilfebild oder UI-Grafik; nur lokal geprueft, nicht uebernommen.";"Metadaten erfasst und lokal visuell geprueft; nicht in Git uebernommen.";Ist das Artefakt produktiv, optional, historisch oder nur mitgeliefert?
SRC-APP-0230;edwalt3;EDWHELP\Image161.gif;Image161.gif;GIF;46280;2004-07-15T07:38:36Z;Archive;3d1d63880a781fc304f9a770f9ebf0236c17190baf48ec2f8315e2b12718dbf8;GIF;;Screenshot;"Hilfebild oder UI-Grafik; nur lokal geprueft, nicht uebernommen.";"Metadaten erfasst und lokal visuell geprueft; nicht in Git uebernommen.";Ist das Artefakt produktiv, optional, historisch oder nur mitgeliefert?
SRC-APP-0231;edwalt3;EDWHELP\Image162.gif;Image162.gif;GIF;14624;2004-07-15T07:38:36Z;Archive;ea5c9567ef7b9e8aa326a7b00f8e3901e2b4a78cffa4007b8270876302f3dfd2;GIF;;Screenshot;"Hilfebild oder UI-Grafik; nur lokal geprueft, nicht uebernommen.";"Metadaten erfasst und lokal visuell geprueft; nicht in Git uebernommen.";Ist das Artefakt produktiv, optional, historisch oder nur mitgeliefert?
SRC-APP-0232;edwalt3;EDWHELP\Image163.gif;Image163.gif;GIF;23139;2004-07-15T07:38:36Z;Archive;f78736e2877f6f56431bd11bdae882122582144161e4c979a1fad285b5a0a55b;GIF;;Screenshot;"Hilfebild oder UI-Grafik; nur lokal geprueft, nicht uebernommen.";"Metadaten erfasst und lokal visuell geprueft; nicht in Git uebernommen.";Ist das Artefakt produktiv, optional, historisch oder nur mitgeliefert?
SRC-APP-0233;edwalt3;EDWHELP\Image164.gif;Image164.gif;GIF;19682;2004-07-15T07:38:36Z;Archive;2105da3f178364db775c6e5de1e6a4f65e9dd9f5ea9e5fa3bbc594039da85d84;GIF;;Screenshot;"Hilfebild oder UI-Grafik; nur lokal geprueft, nicht uebernommen.";"Metadaten erfasst und lokal visuell geprueft; nicht in Git uebernommen.";Ist das Artefakt produktiv, optional, historisch oder nur mitgeliefert?
SRC-APP-0234;edwalt3;EDWHELP\Image165.gif;Image165.gif;GIF;13333;2004-07-15T07:38:36Z;Archive;021f55657d489ab19c0f82d0fa9261c14b9fd3021b1c68b594f64cbf52e6babf;GIF;;Screenshot;"Hilfebild oder UI-Grafik; nur lokal geprueft, nicht uebernommen.";"Metadaten erfasst und lokal visuell geprueft; nicht in Git uebernommen.";Ist das Artefakt produktiv, optional, historisch oder nur mitgeliefert?
SRC-APP-0235;edwalt3;EDWHELP\Image166.gif;Image166.gif;GIF;13799;2004-07-15T07:38:36Z;Archive;0b2f8e9b5dd2e6a05a38aba9fc9fd97aaa8d859afb7d38d4f4a1047cd68fed0b;GIF;;Screenshot;"Hilfebild oder UI-Grafik; nur lokal geprueft, nicht uebernommen.";"Metadaten erfasst und lokal visuell geprueft; nicht in Git uebernommen.";Ist das Artefakt produktiv, optional, historisch oder nur mitgeliefert?
SRC-APP-0236;edwalt3;EDWHELP\Image167.gif;Image167.gif;GIF;17914;2004-07-15T07:38:36Z;Archive;fbaa9524903f80aeb5a6798232301b7a78527177c88ca8de88880f5b2fa2de11;GIF;;Screenshot;"Hilfebild oder UI-Grafik; nur lokal geprueft, nicht uebernommen.";"Metadaten erfasst und lokal visuell geprueft; nicht in Git uebernommen.";Ist das Artefakt produktiv, optional, historisch oder nur mitgeliefert?
SRC-APP-0237;edwalt3;EDWHELP\Image168.gif;Image168.gif;GIF;16384;2004-07-15T07:38:36Z;Archive;dec2aa39f47f8dee1f5f07f058dba6d05ae5c468b57f596a2fed50afdb8034ad;GIF;;Screenshot;"Hilfebild oder UI-Grafik; nur lokal geprueft, nicht uebernommen.";"Metadaten erfasst und lokal visuell geprueft; nicht in Git uebernommen.";Ist das Artefakt produktiv, optional, historisch oder nur mitgeliefert?
SRC-APP-0238;edwalt3;EDWHELP\Image169.gif;Image169.gif;GIF;13136;2004-07-15T07:38:36Z;Archive;fb1cf4b5ad2a92e6bed8712d63f4ac3cd7879048961e33c80f9964d08c633410;GIF;;Screenshot;"Hilfebild oder UI-Grafik; nur lokal geprueft, nicht uebernommen.";"Metadaten erfasst und lokal visuell geprueft; nicht in Git uebernommen.";Ist das Artefakt produktiv, optional, historisch oder nur mitgeliefert?
SRC-APP-0239;edwalt3;EDWHELP\Image170.gif;Image170.gif;GIF;16815;2004-07-15T07:38:36Z;Archive;5d791bf0cad3882fa230fcff2f5de4c713a0a5da6d5ae5e886ac6f68841ed443;GIF;;Screenshot;"Hilfebild oder UI-Grafik; nur lokal geprueft, nicht uebernommen.";"Metadaten erfasst und lokal visuell geprueft; nicht in Git uebernommen.";Ist das Artefakt produktiv, optional, historisch oder nur mitgeliefert?
SRC-APP-0240;edwalt3;EDWHELP\Image171.gif;Image171.gif;GIF;15023;2004-07-15T07:38:38Z;Archive;c2268fbbbba9fe64dd06cd1b87e233f355cadc0a93a7283c5837ac47a8889fff;GIF;;Screenshot;"Hilfebild oder UI-Grafik; nur lokal geprueft, nicht uebernommen.";"Metadaten erfasst und lokal visuell geprueft; nicht in Git uebernommen.";Ist das Artefakt produktiv, optional, historisch oder nur mitgeliefert?
SRC-APP-0241;edwalt3;EDWHELP\Image172.gif;Image172.gif;GIF;15999;2004-07-15T07:38:38Z;Archive;85be842c904f72c6ddf7c770985bf5b164f46c58e4e9479ec6d3576ca4859176;GIF;;Screenshot;"Hilfebild oder UI-Grafik; nur lokal geprueft, nicht uebernommen.";"Metadaten erfasst und lokal visuell geprueft; nicht in Git uebernommen.";Ist das Artefakt produktiv, optional, historisch oder nur mitgeliefert?
SRC-APP-0242;edwalt3;EDWHELP\Image173.gif;Image173.gif;GIF;16534;2004-07-15T07:38:38Z;Archive;48ae03fbb2e5122e0675fcbb32a328d6bb2908ed02440dbff257965ee9fc966e;GIF;;Screenshot;"Hilfebild oder UI-Grafik; nur lokal geprueft, nicht uebernommen.";"Metadaten erfasst und lokal visuell geprueft; nicht in Git uebernommen.";Ist das Artefakt produktiv, optional, historisch oder nur mitgeliefert?
SRC-APP-0243;edwalt3;EDWHELP\Image174.gif;Image174.gif;GIF;13793;2004-07-15T07:38:38Z;Archive;3cb1029e57806a7a5a150d28a68b0fc5f526a2752dfddaa57d7aa30ae908122c;GIF;;Screenshot;"Hilfebild oder UI-Grafik; nur lokal geprueft, nicht uebernommen.";"Metadaten erfasst und lokal visuell geprueft; nicht in Git uebernommen.";Ist das Artefakt produktiv, optional, historisch oder nur mitgeliefert?
SRC-APP-0244;edwalt3;EDWHELP\Image175.gif;Image175.gif;GIF;13622;2004-07-15T07:38:38Z;Archive;629b8f58f310a32a2caa506556f4ac4a33d7221a369bbd8ed639218224b3dd1c;GIF;;Screenshot;"Hilfebild oder UI-Grafik; nur lokal geprueft, nicht uebernommen.";"Metadaten erfasst und lokal visuell geprueft; nicht in Git uebernommen.";Ist das Artefakt produktiv, optional, historisch oder nur mitgeliefert?
SRC-APP-0245;edwalt3;EDWHELP\Image176.gif;Image176.gif;GIF;9599;2004-07-15T07:38:38Z;Archive;99d03f17128022ad9443fc1f395adefb29d25ec6a08b16025deb9ddb3a87ff35;GIF;;Screenshot;"Hilfebild oder UI-Grafik; nur lokal geprueft, nicht uebernommen.";"Metadaten erfasst und lokal visuell geprueft; nicht in Git uebernommen.";Ist das Artefakt produktiv, optional, historisch oder nur mitgeliefert?
SRC-APP-0246;edwalt3;EDWHELP\Image177.gif;Image177.gif;GIF;17891;2004-07-15T07:38:38Z;Archive;9c08cdd7e129e90999785aad17e7ce063e72241a94ab520bc9264c0f3ffa9dad;GIF;;Screenshot;"Hilfebild oder UI-Grafik; nur lokal geprueft, nicht uebernommen.";"Metadaten erfasst und lokal visuell geprueft; nicht in Git uebernommen.";Ist das Artefakt produktiv, optional, historisch oder nur mitgeliefert?
SRC-APP-0247;edwalt3;EDWHELP\Image178.gif;Image178.gif;GIF;9253;2004-07-15T07:38:38Z;Archive;759e3ea3e159621bf4552bbc2d7d137e56f1bb23f00c5fdf7cf950553fba5565;GIF;;Screenshot;"Hilfebild oder UI-Grafik; nur lokal geprueft, nicht uebernommen.";"Metadaten erfasst und lokal visuell geprueft; nicht in Git uebernommen.";Ist das Artefakt produktiv, optional, historisch oder nur mitgeliefert?
SRC-APP-0248;edwalt3;EDWHELP\Image179.gif;Image179.gif;GIF;10530;2004-07-15T07:38:38Z;Archive;174159998998bd04a0dd411b31faf0ebcdc53c80830c8a28a7f5ae11d5345cf6;GIF;;Screenshot;"Hilfebild oder UI-Grafik; nur lokal geprueft, nicht uebernommen.";"Metadaten erfasst und lokal visuell geprueft; nicht in Git uebernommen.";Ist das Artefakt produktiv, optional, historisch oder nur mitgeliefert?
SRC-APP-0249;edwalt3;EDWHELP\Image180.gif;Image180.gif;GIF;20648;2004-07-15T07:38:38Z;Archive;ab360ea780986a33a1f98a710ca50370e805822743a8930275d82f4feb2a0baa;GIF;;Screenshot;"Hilfebild oder UI-Grafik; nur lokal geprueft, nicht uebernommen.";"Metadaten erfasst und lokal visuell geprueft; nicht in Git uebernommen.";Ist das Artefakt produktiv, optional, historisch oder nur mitgeliefert?
SRC-APP-0250;edwalt3;EDWHELP\Image181.gif;Image181.gif;GIF;9633;2004-07-15T07:38:38Z;Archive;bdd34192574a7bf085b4070b3742866f58fcb8dd9d8d9b36f2c3dc2d7b533596;GIF;;Screenshot;"Hilfebild oder UI-Grafik; nur lokal geprueft, nicht uebernommen.";"Metadaten erfasst und lokal visuell geprueft; nicht in Git uebernommen.";Ist das Artefakt produktiv, optional, historisch oder nur mitgeliefert?
SRC-APP-0251;edwalt3;EDWHELP\Image182.gif;Image182.gif;GIF;20185;2004-07-15T07:38:40Z;Archive;ad628d751455c0d16a717a75811cbab925e456717cbc3ea1b73c478d6ce780ef;GIF;;Screenshot;"Hilfebild oder UI-Grafik; nur lokal geprueft, nicht uebernommen.";"Metadaten erfasst und lokal visuell geprueft; nicht in Git uebernommen.";Ist das Artefakt produktiv, optional, historisch oder nur mitgeliefert?
SRC-APP-0252;edwalt3;EDWHELP\Image183.gif;Image183.gif;GIF;19260;2004-07-15T07:38:40Z;Archive;8fcd2604696368d33bb02f9e0aeb307630f7faeb3c38518b963d9749b078785f;GIF;;Screenshot;"Hilfebild oder UI-Grafik; nur lokal geprueft, nicht uebernommen.";"Metadaten erfasst und lokal visuell geprueft; nicht in Git uebernommen.";Ist das Artefakt produktiv, optional, historisch oder nur mitgeliefert?
SRC-APP-0253;edwalt3;EDWHELP\Image184.gif;Image184.gif;GIF;13303;2004-07-15T07:38:40Z;Archive;1cb27f50b79e53555a220b7c7b3a4f2fc5fb058c28dba4b40ec9ccac63259b25;GIF;;Screenshot;"Hilfebild oder UI-Grafik; nur lokal geprueft, nicht uebernommen.";"Metadaten erfasst und lokal visuell geprueft; nicht in Git uebernommen.";Ist das Artefakt produktiv, optional, historisch oder nur mitgeliefert?
SRC-APP-0254;edwalt3;EDWHELP\Image185.gif;Image185.gif;GIF;15420;2004-07-15T07:38:40Z;Archive;93c2e218693db00c508f2f982da97fdc8ceb89f9ec83a911147f20a565b7dc15;GIF;;Screenshot;"Hilfebild oder UI-Grafik; nur lokal geprueft, nicht uebernommen.";"Metadaten erfasst und lokal visuell geprueft; nicht in Git uebernommen.";Ist das Artefakt produktiv, optional, historisch oder nur mitgeliefert?
SRC-APP-0255;edwalt3;EDWHELP\Image186.gif;Image186.gif;GIF;45237;2004-07-15T07:38:40Z;Archive;b966f8f2aba43d0793bde2d9797e4b798ade871408faf27a3b989058d1637152;GIF;;Screenshot;"Hilfebild oder UI-Grafik; nur lokal geprueft, nicht uebernommen.";"Metadaten erfasst und lokal visuell geprueft; nicht in Git uebernommen.";Ist das Artefakt produktiv, optional, historisch oder nur mitgeliefert?
SRC-APP-0256;edwalt3;EDWHELP\Image187.gif;Image187.gif;GIF;5958;2004-07-15T07:38:40Z;Archive;c0f568700ecb1f96cafc0a9a2062390900eac99144a9e37c1cbfab921f9490b3;GIF;;Screenshot;"Hilfebild oder UI-Grafik; nur lokal geprueft, nicht uebernommen.";"Metadaten erfasst und lokal visuell geprueft; nicht in Git uebernommen.";Ist das Artefakt produktiv, optional, historisch oder nur mitgeliefert?
SRC-APP-0257;edwalt3;EDWHELP\Image188.gif;Image188.gif;GIF;15744;2004-07-15T07:38:40Z;Archive;5b9a8d52e4e0e0f24569362d58208c3441cd23956048feee821c6d00f30c9f6a;GIF;;Screenshot;"Hilfebild oder UI-Grafik; nur lokal geprueft, nicht uebernommen.";"Metadaten erfasst und lokal visuell geprueft; nicht in Git uebernommen.";Ist das Artefakt produktiv, optional, historisch oder nur mitgeliefert?
SRC-APP-0258;edwalt3;EDWHELP\Image189.gif;Image189.gif;GIF;15746;2004-07-15T07:38:40Z;Archive;eb0e88ef77f7344f64096d880e89746d58cdd83f3be91a983d5ec7d7709d69c9;GIF;;Screenshot;"Hilfebild oder UI-Grafik; nur lokal geprueft, nicht uebernommen.";"Metadaten erfasst und lokal visuell geprueft; nicht in Git uebernommen.";Ist das Artefakt produktiv, optional, historisch oder nur mitgeliefert?
SRC-APP-0259;edwalt3;EDWHELP\Image190.gif;Image190.gif;GIF;12978;2004-07-15T07:38:40Z;Archive;549ba7e9d506d1f43458ab616bb2ba6f79199756645204da55bbd88e6167ba48;GIF;;Screenshot;"Hilfebild oder UI-Grafik; nur lokal geprueft, nicht uebernommen.";"Metadaten erfasst und lokal visuell geprueft; nicht in Git uebernommen.";Ist das Artefakt produktiv, optional, historisch oder nur mitgeliefert?
SRC-APP-0260;edwalt3;EDWHELP\Image191.gif;Image191.gif;GIF;28611;2004-07-15T07:38:42Z;Archive;ba8ba1d6db8b8a7279d4f7de770ab1c7e9fa88d83d1cca65fba93aef5767af92;GIF;;Screenshot;"Hilfebild oder UI-Grafik; nur lokal geprueft, nicht uebernommen.";"Metadaten erfasst und lokal visuell geprueft; nicht in Git uebernommen.";Ist das Artefakt produktiv, optional, historisch oder nur mitgeliefert?
SRC-APP-0261;edwalt3;EDWHELP\Thumbs.db;Thumbs.db;DB;421376;2026-08-10T09:16:14.215646Z;"Hidden; System; Archive";2aba5d2f944dd5235100a87fe1038d45592e0ff22075fb83c663c7f0d1f71202;OLE-Compound-Document;;Hilfe;Lokale Produkt- oder Laufzeithilfe.;"Metadaten, SHA-256 und Header statisch erfasst; nicht ausgefuehrt.";Ist das Artefakt produktiv, optional, historisch oder nur mitgeliefert?
SRC-APP-0262;edwalt3;EDWLOGO.BMP;EDWLOGO.BMP;BMP;72694;1994-11-26T20:39:00Z;Archive;74f9df54a8482bbd0bffd05e1a23004ad69b1a44c7f5bc790a1b0c33b0e28627;BMP;;Screenshot;"Hilfebild oder UI-Grafik; nur lokal geprueft, nicht uebernommen.";"Metadaten und Header erfasst; nicht ausgefuehrt und nicht in Git uebernommen; visuelle/fachliche Zuordnung offen.";Ist das Artefakt produktiv, optional, historisch oder nur mitgeliefert?
SRC-APP-0263;edwalt3;EMONS.BMP;EMONS.BMP;BMP;183174;1996-02-12T19:01:00Z;Archive;50c08a73d1e0fa086a3ebf9d2db34c880bbff1982432d30e60f02b08ddc600e4;BMP;;Screenshot;"Hilfebild oder UI-Grafik; nur lokal geprueft, nicht uebernommen.";"Metadaten und Header erfasst; nicht ausgefuehrt und nicht in Git uebernommen; visuelle/fachliche Zuordnung offen.";Ist das Artefakt produktiv, optional, historisch oder nur mitgeliefert?
SRC-APP-0264;edwalt3;EURO.BMP;EURO.BMP;BMP;1518;1998-08-27T12:43:00Z;Archive;0d3a8f20a56c0f2c78a66abb6cead688d1ac1529e464a7c2474f1cd2678936d3;BMP;;Screenshot;"Hilfebild oder UI-Grafik; nur lokal geprueft, nicht uebernommen.";"Metadaten und Header erfasst; nicht ausgefuehrt und nicht in Git uebernommen; visuelle/fachliche Zuordnung offen.";Ist das Artefakt produktiv, optional, historisch oder nur mitgeliefert?
SRC-APP-0265;edwalt3;EXPORT~1.DLL;EXPORT~1.DLL;DLL;229376;2003-11-20T20:23:14Z;Archive;459f3f4930427946e0be7016961a00e5efd42752dfe784661466397f10c6facf;PE/Windows-Programmdatei;;Import/Export;Moegliche Schnittstellen- oder Uebergabekomponente.;"Metadaten, SHA-256 und Header statisch erfasst; nicht ausgefuehrt.";Wird die Komponente/Funktion heute genutzt und in welchem Prozess?
SRC-APP-0266;edwalt3;EXPRTSQL.DLL;EXPRTSQL.DLL;DLL;237568;2007-06-27T12:13:10Z;Archive;2baf30cd51d7c0bcfeb505914d3222f96d8b78faff1fc8f19f8c814e4e06aa96;PE/Windows-Programmdatei;;Import/Export;Moegliche Schnittstellen- oder Uebergabekomponente.;"Metadaten, SHA-256 und Header statisch erfasst; nicht ausgefuehrt.";Wird die Komponente/Funktion heute genutzt und in welchem Prozess?
SRC-APP-0267;edwalt3;FEIERTAG.INI;FEIERTAG.INI;INI;552;2003-03-29T14:14:34Z;Archive;56258edbb97c178a8f0b11f846bb2b6f5e95b9ce9a211003d5dad24800a2db42;Text/ASCII- oder ANSI-nah;;Konfiguration;"Betriebs-, Funktions- oder Drucksteuerung; Werte werden nicht offengelegt.";"Metadaten, SHA-256 und Header statisch erfasst; nicht ausgefuehrt.";"Welche Schluessel sind produktiv relevant; welche Werte duerfen spaeter migriert werden?"
SRC-APP-0268;edwalt3;FHRDRPWD.LBR;FHRDRPWD.LBR;LBR;1664;2000-04-13T01:11:00Z;Archive;1b86925e56d74b9500ca32b0f0d32061de758731df3fe573459ffe1de8e7d6d3;unbekanntes Binaerformat;;Laufzeitbibliothek;Technische Laufzeit- oder Kommunikationsabhaengigkeit.;"Metadaten, SHA-256 und Header statisch erfasst; nicht ausgefuehrt.";Ist das Artefakt produktiv, optional, historisch oder nur mitgeliefert?
SRC-APP-0269;edwalt3;FORM.DLL;FORM.DLL;DLL;270336;2007-06-27T12:12:08Z;Archive;ac3e30612fe3f7cbd72b833b5b265174fbaaffef1dfdb1d4398f67f0dfee833e;PE/Windows-Programmdatei;;Fachmodul;"Moegliche Fach- oder Zusatzfunktion; Aufgabe anhand weiterer Evidenz zu klaeren.";"Metadaten, SHA-256 und Header statisch erfasst; nicht ausgefuehrt.";Wird die Komponente/Funktion heute genutzt und in welchem Prozess?
SRC-APP-0270;edwalt3;FORM.GS;FORM.GS;GS;58496;2003-03-29T13:05:28Z;Archive;3979f86535f5c739f14fe628dc4ca7ba10cb36a4af1cb2b1770ee9a6da68fa50;unbekanntes Binaerformat;;Fachmodul;"Moegliche Fach- oder Zusatzfunktion; Aufgabe anhand weiterer Evidenz zu klaeren.";"Metadaten, SHA-256 und Header statisch erfasst; nicht ausgefuehrt.";Wird die Komponente/Funktion heute genutzt und in welchem Prozess?
SRC-APP-0271;edwalt3;FS.DLL;FS.DLL;DLL;409600;2000-04-13T01:11:00Z;Archive;90848340db51747e687714cca76e7ad0ca99048b6849772649c120f52856d641;PE/Windows-Programmdatei;;Laufzeitbibliothek;Technische Laufzeit- oder Kommunikationsabhaengigkeit.;"Metadaten, SHA-256 und Header statisch erfasst; nicht ausgefuehrt.";Ist das Artefakt produktiv, optional, historisch oder nur mitgeliefert?
SRC-APP-0272;edwalt3;FS.EXE;FS.EXE;EXE;28672;2000-04-13T01:11:00Z;Archive;1b85e69d55359943cd8b3f4872cb3de8cbf37b3113f3d6412cacc714300e6a31;PE/Windows-Programmdatei;;Laufzeitbibliothek;Technische Laufzeit- oder Kommunikationsabhaengigkeit.;"Metadaten, SHA-256 und Header statisch erfasst; nicht ausgefuehrt.";Ist das Artefakt produktiv, optional, historisch oder nur mitgeliefert?
SRC-APP-0273;edwalt3;FSCLOSE.EXE;FSCLOSE.EXE;EXE;339968;2000-04-13T01:11:00Z;Archive;a2a152b671f2d830bf048d3b7ca39f1136a773800561cd60fb2d501e4178a344;PE/Windows-Programmdatei;;Laufzeitbibliothek;Technische Laufzeit- oder Kommunikationsabhaengigkeit.;"Metadaten, SHA-256 und Header statisch erfasst; nicht ausgefuehrt.";Ist das Artefakt produktiv, optional, historisch oder nur mitgeliefert?
SRC-APP-0274;edwalt3;FSMGR.DLL;FSMGR.DLL;DLL;299008;2000-04-13T01:11:00Z;Archive;c49b64e0cb4bc7ff51f42abe23d3b381e714bb1ca5d7bb0728c334f8f8226087;PE/Windows-Programmdatei;;Laufzeitbibliothek;Technische Laufzeit- oder Kommunikationsabhaengigkeit.;"Metadaten, SHA-256 und Header statisch erfasst; nicht ausgefuehrt.";Ist das Artefakt produktiv, optional, historisch oder nur mitgeliefert?
SRC-APP-0275;edwalt3;FSSERVICE.EXE;FSSERVICE.EXE;EXE;389120;2000-04-13T01:11:00Z;Archive;d806dda63ee266cbe26e64eb0182cd3ca78d41f23475b9ccb2ac8245b5ea819d;PE/Windows-Programmdatei;;Laufzeitbibliothek;Technische Laufzeit- oder Kommunikationsabhaengigkeit.;"Metadaten, SHA-256 und Header statisch erfasst; nicht ausgefuehrt.";Ist das Artefakt produktiv, optional, historisch oder nur mitgeliefert?
SRC-APP-0276;edwalt3;HAUS.BMP;HAUS.BMP;BMP;630;1996-01-05T18:04:00Z;Archive;15f114f3f3d0f12c14d393c90dd48a35a278338a0babb7ddf310adfac6ca4fb7;BMP;;Screenshot;"Hilfebild oder UI-Grafik; nur lokal geprueft, nicht uebernommen.";"Metadaten und Header erfasst; nicht ausgefuehrt und nicht in Git uebernommen; visuelle/fachliche Zuordnung offen.";Ist das Artefakt produktiv, optional, historisch oder nur mitgeliefert?
SRC-APP-0277;edwalt3;HAUS.ICO;HAUS.ICO;ICO;766;1996-01-05T18:02:00Z;Archive;a5e42e78369c16eecac5b1588c756e742587a1f1d50f4a2edb208053096079bb;Windows-Icon/Cursor;;Screenshot;"Hilfebild oder UI-Grafik; nur lokal geprueft, nicht uebernommen.";"Metadaten und Header erfasst; nicht ausgefuehrt und nicht in Git uebernommen; visuelle/fachliche Zuordnung offen.";Ist das Artefakt produktiv, optional, historisch oder nur mitgeliefert?
SRC-APP-0278;edwalt3;HELPNAME.LBR;HELPNAME.LBR;LBR;18944;2000-04-13T01:11:00Z;Archive;9da41c1223d6f34a6a8eb1e9867781eb7edbba426e5b57c79095bc22ab1e8ecf;unbekanntes Binaerformat;;Fachmodul;"Moegliche Fach- oder Zusatzfunktion; Aufgabe anhand weiterer Evidenz zu klaeren.";"Metadaten, SHA-256 und Header statisch erfasst; nicht ausgefuehrt.";Wird die Komponente/Funktion heute genutzt und in welchem Prozess?
SRC-APP-0279;edwalt3;HYHELP.CFX;HYHELP.CFX;CFX;262;2000-04-13T01:11:00Z;Archive;6d1d78d46d2eb1681ff58cdc1a14cf078356dad3c63d358900991173a577a051;Text/ASCII- oder ANSI-nah;;unbekannt;Funktion oder Format noch nicht sicher bestimmbar.;"Metadaten, SHA-256 und Header statisch erfasst; nicht ausgefuehrt.";Wie sind Format und Aufgabe ohne schreibenden Zugriff sicher zu bestaetigen?
SRC-APP-0280;edwalt3;HYHELP.HNF;HYHELP.HNF;HNF;20537;2000-04-13T01:11:00Z;Archive;1b8fd15eaec1d244c680b64b383ef17d035984e6af9bf7dbd1819348800c5749;unbekanntes Binaerformat;;unbekannt;Funktion oder Format noch nicht sicher bestimmbar.;"Metadaten, SHA-256 und Header statisch erfasst; nicht ausgefuehrt.";Wie sind Format und Aufgabe ohne schreibenden Zugriff sicher zu bestaetigen?
SRC-APP-0281;edwalt3;HYHELP.LBR;HYHELP.LBR;LBR;163456;2000-04-13T01:11:00Z;Archive;7791abb09a8a692bde35d3ee66e34991be3daef3c64d35687aa849e188810399;unbekanntes Binaerformat;;Fachmodul;"Moegliche Fach- oder Zusatzfunktion; Aufgabe anhand weiterer Evidenz zu klaeren.";"Metadaten, SHA-256 und Header statisch erfasst; nicht ausgefuehrt.";Wird die Komponente/Funktion heute genutzt und in welchem Prozess?
SRC-APP-0282;edwalt3;HYHINTF.GNT;HYHINTF.GNT;GNT;3324;2000-04-13T01:11:00Z;Archive;2472d51445cf16c5377d0a0e43f28d437c22e55cd902c0c4999613582f0f70df;unbekanntes Binaerformat;;Fachmodul;"Moegliche Fach- oder Zusatzfunktion; Aufgabe anhand weiterer Evidenz zu klaeren.";"Metadaten, SHA-256 und Header statisch erfasst; nicht ausgefuehrt.";Wird die Komponente/Funktion heute genutzt und in welchem Prozess?
SRC-APP-0283;edwalt3;JAVACLASS.DLL;JAVACLASS.DLL;DLL;45056;2000-04-13T01:11:00Z;Archive;52d3600f3304460556720f6120557bbefa5e12c0765dc01bd356fad57d698cac;PE/Windows-Programmdatei;;Laufzeitbibliothek;Technische Laufzeit- oder Kommunikationsabhaengigkeit.;"Metadaten, SHA-256 und Header statisch erfasst; nicht ausgefuehrt.";Ist das Artefakt produktiv, optional, historisch oder nur mitgeliefert?
SRC-APP-0284;edwalt3;KASSE.BMP;KASSE.BMP;BMP;630;1996-03-27T17:11:00Z;Archive;f355f3ec7eea9f79111d43147f534a900e82b356667f2c4252f50a36ec22da14;BMP;;Screenshot;"Hilfebild oder UI-Grafik; nur lokal geprueft, nicht uebernommen.";"Metadaten und Header erfasst; nicht ausgefuehrt und nicht in Git uebernommen; visuelle/fachliche Zuordnung offen.";Ist das Artefakt produktiv, optional, historisch oder nur mitgeliefert?
SRC-APP-0285;edwalt3;KASSE.ICO;KASSE.ICO;ICO;766;1996-03-27T17:09:00Z;Archive;45300c3270d2afdb2b0ff950b9c43c6b9ab649d994191c4fcf8a67d3d628b5fb;Windows-Icon/Cursor;;Screenshot;"Hilfebild oder UI-Grafik; nur lokal geprueft, nicht uebernommen.";"Metadaten und Header erfasst; nicht ausgefuehrt und nicht in Git uebernommen; visuelle/fachliche Zuordnung offen.";Ist das Artefakt produktiv, optional, historisch oder nur mitgeliefert?
SRC-APP-0286;edwalt3;KASSE50.BMP;KASSE50.BMP;BMP;1518;1996-12-14T11:50:00Z;Archive;693d87abbf6787358988f807c64f86e949234b2caebe1c444db3aa0970cef77c;BMP;;Screenshot;"Hilfebild oder UI-Grafik; nur lokal geprueft, nicht uebernommen.";"Metadaten und Header erfasst; nicht ausgefuehrt und nicht in Git uebernommen; visuelle/fachliche Zuordnung offen.";Ist das Artefakt produktiv, optional, historisch oder nur mitgeliefert?
SRC-APP-0287;edwalt3;KASSENZ.DLL;KASSENZ.DLL;DLL;249856;2007-06-27T12:12:42Z;Archive;c480618e824ec1d7730a983368141cb8354aea529336d2160c87b1d0c4f9a372;PE/Windows-Programmdatei;;Fachmodul;"Moegliche Fach- oder Zusatzfunktion; Aufgabe anhand weiterer Evidenz zu klaeren.";"Metadaten, SHA-256 und Header statisch erfasst; nicht ausgefuehrt.";Wird die Komponente/Funktion heute genutzt und in welchem Prozess?
SRC-APP-0288;edwalt3;KASSENZ.GS;KASSENZ.GS;GS;44672;2003-03-29T13:05:24Z;Archive;d7be62292250320faac10b19672be71729fe1ac1380cf635e8ea3229c40ee1f7;unbekanntes Binaerformat;;Fachmodul;"Moegliche Fach- oder Zusatzfunktion; Aufgabe anhand weiterer Evidenz zu klaeren.";"Metadaten, SHA-256 und Header statisch erfasst; nicht ausgefuehrt.";Wird die Komponente/Funktion heute genutzt und in welchem Prozess?
SRC-APP-0289;edwalt3;KB.TMP;KB.TMP;TMP;3250;2025-09-02T09:46:41.056838Z;Archive;9ba4a10410887bacdf4a4dc3d3a4727d5a3acd3aead99c32b14ba755afa2261d;Text/ASCII- oder ANSI-nah;;Protokoll;"Betriebs-, Fehler- oder temporaeres Artefakt; keine Rohinhalte dokumentiert.";"Metadaten, SHA-256 und Header statisch erfasst; nicht ausgefuehrt.";Ist das Artefakt produktiv, optional, historisch oder nur mitgeliefert?
SRC-APP-0290;edwalt3;KEY.BMP;KEY.BMP;BMP;630;1995-07-14T17:27:00Z;Archive;6d9a675753cc25a8ee892f352b8fe9764085304858dacc8eb5c6acee277bba54;BMP;;Screenshot;"Hilfebild oder UI-Grafik; nur lokal geprueft, nicht uebernommen.";"Metadaten und Header erfasst; nicht ausgefuehrt und nicht in Git uebernommen; visuelle/fachliche Zuordnung offen.";Ist das Artefakt produktiv, optional, historisch oder nur mitgeliefert?
SRC-APP-0291;edwalt3;KIRCHE.BMP;KIRCHE.BMP;BMP;1198;2000-05-05T17:01:00Z;Archive;52362f24180c6925dd90ec8c43371dd0f1e1f9a4f9060785e3999999edf54d74;BMP;;Screenshot;"Hilfebild oder UI-Grafik; nur lokal geprueft, nicht uebernommen.";"Metadaten und Header erfasst; nicht ausgefuehrt und nicht in Git uebernommen; visuelle/fachliche Zuordnung offen.";Ist das Artefakt produktiv, optional, historisch oder nur mitgeliefert?
SRC-APP-0292;edwalt3;KIRCHE.ICO;KIRCHE.ICO;ICO;766;1996-03-12T15:25:00Z;Archive;1135f7eb11026dda749a07f79aa08d8586e494718db78b21a77bf58498f6506a;Windows-Icon/Cursor;;Screenshot;"Hilfebild oder UI-Grafik; nur lokal geprueft, nicht uebernommen.";"Metadaten und Header erfasst; nicht ausgefuehrt und nicht in Git uebernommen; visuelle/fachliche Zuordnung offen.";Ist das Artefakt produktiv, optional, historisch oder nur mitgeliefert?
SRC-APP-0293;edwalt3;KIRCHE50.BMP;KIRCHE50.BMP;BMP;1518;2000-05-05T14:57:00Z;Archive;ebf2671a7e3cef0600d20181c79e3fc004008b16e48bc8f140532c699b75139b;BMP;;Screenshot;"Hilfebild oder UI-Grafik; nur lokal geprueft, nicht uebernommen.";"Metadaten und Header erfasst; nicht ausgefuehrt und nicht in Git uebernommen; visuelle/fachliche Zuordnung offen.";Ist das Artefakt produktiv, optional, historisch oder nur mitgeliefert?
SRC-APP-0294;edwalt3;KIV.BMP;KIV.BMP;BMP;1518;1997-10-30T15:58:00Z;Archive;d9e059ef2eabad5744a1aaeff10513c30108aebd2008ac3733cb672ad33a8e65;BMP;;Screenshot;"Hilfebild oder UI-Grafik; nur lokal geprueft, nicht uebernommen.";"Metadaten und Header erfasst; nicht ausgefuehrt und nicht in Git uebernommen; visuelle/fachliche Zuordnung offen.";Ist das Artefakt produktiv, optional, historisch oder nur mitgeliefert?
SRC-APP-0295;edwalt3;KIV.ICO;KIV.ICO;ICO;1518;1997-10-30T16:00:00Z;Archive;d9e059ef2eabad5744a1aaeff10513c30108aebd2008ac3733cb672ad33a8e65;BMP;;Screenshot;"Hilfebild oder UI-Grafik; nur lokal geprueft, nicht uebernommen.";"Metadaten und Header erfasst; nicht ausgefuehrt und nicht in Git uebernommen; visuelle/fachliche Zuordnung offen.";Ist das Artefakt produktiv, optional, historisch oder nur mitgeliefert?
SRC-APP-0296;edwalt3;KL.TMP;KL.TMP;TMP;395773;2019-07-11T13:08:41.776247Z;Archive;0c1f6cbf650dd7469b5d3e9b45e01cd0d64d306df33b921a08cadb6c1751df01;Text/ASCII- oder ANSI-nah;;Protokoll;"Betriebs-, Fehler- oder temporaeres Artefakt; keine Rohinhalte dokumentiert.";"Metadaten, SHA-256 und Header statisch erfasst; nicht ausgefuehrt.";Ist das Artefakt produktiv, optional, historisch oder nur mitgeliefert?
SRC-APP-0297;edwalt3;KON302.EXE;KON302.EXE;EXE;225280;2007-06-27T12:12:56Z;Archive;412faed0b1d0ee26166ef8a18a359075bae8439d7945d3dedffe5fb97ce00d7d;PE/Windows-Programmdatei;;Fachmodul;"Moegliche Fach- oder Zusatzfunktion; Aufgabe anhand weiterer Evidenz zu klaeren.";"Metadaten, SHA-256 und Header statisch erfasst; nicht ausgefuehrt.";Wird die Komponente/Funktion heute genutzt und in welchem Prozess?
SRC-APP-0298;edwalt3;KON302.GS;KON302.GS;GS;43904;2004-06-16T19:15:34Z;Archive;a08e24eaeafe47e3a555da88ff404a3e021d1e98da028974f79d8ab8e4b120e5;unbekanntes Binaerformat;;Fachmodul;"Moegliche Fach- oder Zusatzfunktion; Aufgabe anhand weiterer Evidenz zu klaeren.";"Metadaten, SHA-256 und Header statisch erfasst; nicht ausgefuehrt.";Wird die Komponente/Funktion heute genutzt und in welchem Prozess?
SRC-APP-0299;edwalt3;KON310.EXE;KON310.EXE;EXE;221184;2007-06-27T12:13:04Z;Archive;13dc249e4340a3e2ee1d0d15285a1c434e56f86fba346ee7f60540fddeccbcbf;PE/Windows-Programmdatei;;Fachmodul;"Moegliche Fach- oder Zusatzfunktion; Aufgabe anhand weiterer Evidenz zu klaeren.";"Metadaten, SHA-256 und Header statisch erfasst; nicht ausgefuehrt.";Wird die Komponente/Funktion heute genutzt und in welchem Prozess?
SRC-APP-0300;edwalt3;KON310.GS;KON310.GS;GS;43136;2004-06-16T19:15:04Z;Archive;76f9ca64e80b64ad32e7b8d4cb8f81d0d296a09d0a77f1b639e0f2f3c5f2ff0e;unbekanntes Binaerformat;;Fachmodul;"Moegliche Fach- oder Zusatzfunktion; Aufgabe anhand weiterer Evidenz zu klaeren.";"Metadaten, SHA-256 und Header statisch erfasst; nicht ausgefuehrt.";Wird die Komponente/Funktion heute genutzt und in welchem Prozess?
SRC-APP-0301;edwalt3;KON321.EXE;KON321.EXE;EXE;225280;2007-06-27T12:13:12Z;Archive;6b30d0b180cae4f926b396be6a31acbfdeb79c3500ae3f8a4fd2fbe2209b3891;PE/Windows-Programmdatei;;Fachmodul;"Moegliche Fach- oder Zusatzfunktion; Aufgabe anhand weiterer Evidenz zu klaeren.";"Metadaten, SHA-256 und Header statisch erfasst; nicht ausgefuehrt.";Wird die Komponente/Funktion heute genutzt und in welchem Prozess?
SRC-APP-0302;edwalt3;KON321.GS;KON321.GS;GS;43648;2005-08-15T11:45:22Z;Archive;742fc82406888fd14d40ec8e9843db3799e9078a274737b7c962834cdfe8780b;unbekanntes Binaerformat;;Fachmodul;"Moegliche Fach- oder Zusatzfunktion; Aufgabe anhand weiterer Evidenz zu klaeren.";"Metadaten, SHA-256 und Header statisch erfasst; nicht ausgefuehrt.";Wird die Komponente/Funktion heute genutzt und in welchem Prozess?
SRC-APP-0303;edwalt3;KONHADES.GS;KONHADES.GS;GS;45056;2006-01-26T20:35:48Z;Archive;2410754d25c33c1a5d33216a9e08930028ff714aff72d32b6535e7a0faa1d81e;unbekanntes Binaerformat;;Fachmodul;"Moegliche Fach- oder Zusatzfunktion; Aufgabe anhand weiterer Evidenz zu klaeren.";"Metadaten, SHA-256 und Header statisch erfasst; nicht ausgefuehrt.";Wird die Komponente/Funktion heute genutzt und in welchem Prozess?
SRC-APP-0304;edwalt3;KONHADES.ICO;KONHADES.ICO;ICO;766;1994-03-29T23:20:00Z;Archive;e6ea493b9c71dbe97a23600574b7363cdb61286bb859530642b16052559450b9;Windows-Icon/Cursor;;Screenshot;"Hilfebild oder UI-Grafik; nur lokal geprueft, nicht uebernommen.";"Metadaten und Header erfasst; nicht ausgefuehrt und nicht in Git uebernommen; visuelle/fachliche Zuordnung offen.";Ist das Artefakt produktiv, optional, historisch oder nur mitgeliefert?
SRC-APP-0305;edwalt3;Konhfrei.exe;Konhfrei.exe;EXE;24576;2007-06-27T12:12:58Z;Archive;e182251a3e4bedb324998b70600cc3f303788efaa9a963e4817f038fda3e64bb;PE/Windows-Programmdatei;;Fachmodul;"Moegliche Fach- oder Zusatzfunktion; Aufgabe anhand weiterer Evidenz zu klaeren.";"Metadaten, SHA-256 und Header statisch erfasst; nicht ausgefuehrt.";Wird die Komponente/Funktion heute genutzt und in welchem Prozess?
SRC-APP-0306;edwalt3;KONHFREI.GS;KONHFREI.GS;GS;18816;2003-11-15T19:43:44Z;Archive;578a91c698bdbc1ba4674e50e635c237ab79f49d04114f79f357228667f6085b;unbekanntes Binaerformat;;Fachmodul;"Moegliche Fach- oder Zusatzfunktion; Aufgabe anhand weiterer Evidenz zu klaeren.";"Metadaten, SHA-256 und Header statisch erfasst; nicht ausgefuehrt.";Wird die Komponente/Funktion heute genutzt und in welchem Prozess?
SRC-APP-0307;edwalt3;KONLOH.GS;KONLOH.GS;GS;42752;2004-02-09T20:55:32Z;Archive;6e8514ef01b541cfd626ad6c8b715d51abe9cdda754e1edf5aeaf671ffeb65b1;unbekanntes Binaerformat;;Fachmodul;"Moegliche Fach- oder Zusatzfunktion; Aufgabe anhand weiterer Evidenz zu klaeren.";"Metadaten, SHA-256 und Header statisch erfasst; nicht ausgefuehrt.";Wird die Komponente/Funktion heute genutzt und in welchem Prozess?
SRC-APP-0308;edwalt3;KONRAT.GS;KONRAT.GS;GS;42624;2004-02-18T17:29:50Z;Archive;f3c6ca7dcbd1e78f7158dc518e39d48da65327ee5e0990c55883cf1b4bae80ea;unbekanntes Binaerformat;;Fachmodul;"Moegliche Fach- oder Zusatzfunktion; Aufgabe anhand weiterer Evidenz zu klaeren.";"Metadaten, SHA-256 und Header statisch erfasst; nicht ausgefuehrt.";Wird die Komponente/Funktion heute genutzt und in welchem Prozess?
SRC-APP-0309;edwalt3;KREMA.EXE;KREMA.EXE;EXE;344064;2007-06-27T12:12:52Z;Archive;af2e87d50c14be501a63ad28d33228d86f0702d8d9d2bf2e3646f08c4fdc7601;PE/Windows-Programmdatei;;Fachmodul;"Moegliche Fach- oder Zusatzfunktion; Aufgabe anhand weiterer Evidenz zu klaeren.";"Metadaten, SHA-256 und Header statisch erfasst; nicht ausgefuehrt.";Wird die Komponente/Funktion heute genutzt und in welchem Prozess?
SRC-APP-0310;edwalt3;KREMA.GS;KREMA.GS;GS;260864;2003-08-02T13:32:16Z;Archive;4a288008e0e738811357fad9dd3c62795a11bad34ec6886d1e058e50c2fe8237;unbekanntes Binaerformat;;Fachmodul;"Moegliche Fach- oder Zusatzfunktion; Aufgabe anhand weiterer Evidenz zu klaeren.";"Metadaten, SHA-256 und Header statisch erfasst; nicht ausgefuehrt.";Wird die Komponente/Funktion heute genutzt und in welchem Prozess?
SRC-APP-0311;edwalt3;KTRANS1.EXE;KTRANS1.EXE;EXE;323584;2007-06-27T12:13:02Z;Archive;fadb35c5306aab9fab5cde42ecc5f74a8c6bc118d55e670b136e644a337ba328;PE/Windows-Programmdatei;;Import/Export;Moegliche Schnittstellen- oder Uebergabekomponente.;"Metadaten, SHA-256 und Header statisch erfasst; nicht ausgefuehrt.";Wird die Komponente/Funktion heute genutzt und in welchem Prozess?
SRC-APP-0312;edwalt3;KTRANS2.EXE;KTRANS2.EXE;EXE;323584;2007-06-27T12:13:04Z;Archive;a820bdfbe605515a3033834bb092d379139e7e0f6e5dc462c4df6441bc9b9a78;PE/Windows-Programmdatei;;Import/Export;Moegliche Schnittstellen- oder Uebergabekomponente.;"Metadaten, SHA-256 und Header statisch erfasst; nicht ausgefuehrt.";Wird die Komponente/Funktion heute genutzt und in welchem Prozess?
SRC-APP-0313;edwalt3;KWINTER.EXE;KWINTER.EXE;EXE;221184;2007-06-27T12:13:00Z;Archive;93a864d8f31729799c366e1c71f57cd301e6ec16d29cba0551a75f5474f40d7f;PE/Windows-Programmdatei;;Fachmodul;"Moegliche Fach- oder Zusatzfunktion; Aufgabe anhand weiterer Evidenz zu klaeren.";"Metadaten, SHA-256 und Header statisch erfasst; nicht ausgefuehrt.";Wird die Komponente/Funktion heute genutzt und in welchem Prozess?
SRC-APP-0314;edwalt3;KWINTER.GS;KWINTER.GS;GS;45696;2004-07-08T17:27:56Z;Archive;b9a399811f4c77caa5adf9b9d295418e9d8671017ce0711b3836e4b1f2c01f38;unbekanntes Binaerformat;;Fachmodul;"Moegliche Fach- oder Zusatzfunktion; Aufgabe anhand weiterer Evidenz zu klaeren.";"Metadaten, SHA-256 und Header statisch erfasst; nicht ausgefuehrt.";Wird die Komponente/Funktion heute genutzt und in welchem Prozess?
SRC-APP-0315;edwalt3;LAGE.TMP;LAGE.TMP;TMP;306459;2004-10-26T09:42:04Z;Archive;f62f2cbb3dcd7c584a014810298b74def813459aaa87dcad9c1370dc1aea408b;unbekanntes Binaerformat;;Protokoll;"Betriebs-, Fehler- oder temporaeres Artefakt; keine Rohinhalte dokumentiert.";"Metadaten, SHA-256 und Header statisch erfasst; nicht ausgefuehrt.";Ist das Artefakt produktiv, optional, historisch oder nur mitgeliefert?
SRC-APP-0316;edwalt3;LASER.DRV;LASER.DRV;DRV;1424;1997-05-30T10:22:52Z;Archive;a41638bdfcd6dd5b5bbb657012277000c2e392af8652a66e8e89090da199e6b9;Text/ASCII- oder ANSI-nah;;Konfiguration;"Betriebs-, Funktions- oder Drucksteuerung; Werte werden nicht offengelegt.";"Metadaten, SHA-256 und Header statisch erfasst; nicht ausgefuehrt.";"Welche Schluessel sind produktiv relevant; welche Werte duerfen spaeter migriert werden?"
SRC-APP-0317;edwalt3;LEGAT.ICO;LEGAT.ICO;ICO;766;1997-01-14T12:05:00Z;Archive;f3072c0f55f8069292536cb6d00ef31312ef87e3b5ed549ecd7cc55e97a516bc;Windows-Icon/Cursor;;Screenshot;"Hilfebild oder UI-Grafik; nur lokal geprueft, nicht uebernommen.";"Metadaten und Header erfasst; nicht ausgefuehrt und nicht in Git uebernommen; visuelle/fachliche Zuordnung offen.";Ist das Artefakt produktiv, optional, historisch oder nur mitgeliefert?
SRC-APP-0318;edwalt3;LEGAT32.BMP;LEGAT32.BMP;BMP;630;1997-01-14T12:02:00Z;Archive;a22630b73b0fef8467e584dd5fe5a533acf99539e213d34d3b6baaeecfc7d052;BMP;;Screenshot;"Hilfebild oder UI-Grafik; nur lokal geprueft, nicht uebernommen.";"Metadaten und Header erfasst; nicht ausgefuehrt und nicht in Git uebernommen; visuelle/fachliche Zuordnung offen.";Ist das Artefakt produktiv, optional, historisch oder nur mitgeliefert?
SRC-APP-0319;edwalt3;LEGAT50.BMP;LEGAT50.BMP;BMP;1518;1997-01-14T12:04:00Z;Archive;e223ee75a8afffa167008d0a80cf2c4389fe1eddc0eed27217b0d7da038dea49;BMP;;Screenshot;"Hilfebild oder UI-Grafik; nur lokal geprueft, nicht uebernommen.";"Metadaten und Header erfasst; nicht ausgefuehrt und nicht in Git uebernommen; visuelle/fachliche Zuordnung offen.";Ist das Artefakt produktiv, optional, historisch oder nur mitgeliefert?
SRC-APP-0320;edwalt3;LICENSE.RTF;LICENSE.RTF;RTF;35462;2000-04-13T01:11:00Z;Archive;abde8e2324c8ab5b821691cc8f2a433c5fa197c4df6b8d710643551df921f62d;RTF;;unbekannt;Funktion oder Format noch nicht sicher bestimmbar.;"Metadaten, SHA-256 und Header statisch erfasst; nicht ausgefuehrt.";Wie sind Format und Aufgabe ohne schreibenden Zugriff sicher zu bestaetigen?
SRC-APP-0321;edwalt3;LOG00;LOG00;(keine);2043;2003-05-22T12:41:02Z;Archive;57b7ad4d2420031c1ab6814bb05b20965b74caeb6f3fd2a580d6a0d5f5627b4d;Text/ASCII- oder ANSI-nah;;unbekannt;Funktion oder Format noch nicht sicher bestimmbar.;"Metadaten, SHA-256 und Header statisch erfasst; nicht ausgefuehrt.";Wie sind Format und Aufgabe ohne schreibenden Zugriff sicher zu bestaetigen?
SRC-APP-0322;edwalt3;MAIL.ICO;MAIL.ICO;ICO;766;1996-03-12T15:29:00Z;Archive;eec536ef87fdd6493011624eee9f0277beac5705675b8e23fce04c73d8e7c587;Windows-Icon/Cursor;;Screenshot;"Hilfebild oder UI-Grafik; nur lokal geprueft, nicht uebernommen.";"Metadaten und Header erfasst; nicht ausgefuehrt und nicht in Git uebernommen; visuelle/fachliche Zuordnung offen.";Ist das Artefakt produktiv, optional, historisch oder nur mitgeliefert?
SRC-APP-0323;edwalt3;Makros\EDW_LST.bas;EDW_LST.bas;BAS;15986;2010-08-18T08:38:35.500000Z;Archive;fda4a84d2b3a6f9c0d6f4fbecd3942a7b2be415094d6750a7efb95bacebfe003;Text/ASCII- oder ANSI-nah;;Makro;"Office-Automatisierung; nur Quelltext statisch untersucht, nie ausgefuehrt.";"Lesbarer Makroquelltext statisch ausgewertet; nie ausgefuehrt.";Welcher Ausloeser und welche aktuelle Dokumentvariante gelten?
SRC-APP-0324;edwalt3;Makros\EDWALT3.bas;EDWALT3.bas;BAS;37864;2010-08-18T08:37:46.625000Z;Archive;8f6ab590f687a40692274571e53306bd9babaaff679617f7317a3168088ae63f;Text/ASCII- oder ANSI-nah;;Makro;"Office-Automatisierung; nur Quelltext statisch untersucht, nie ausgefuehrt.";"Lesbarer Makroquelltext statisch ausgewertet; nie ausgefuehrt.";Welcher Ausloeser und welche aktuelle Dokumentvariante gelten?
SRC-APP-0325;edwalt3;Makros\Sicherung\EDW_LST.bas;EDW_LST.bas;BAS;15969;2004-04-06T08:52:38Z;Archive;87aafc71d1b1250b110d6009d5cda1dcbb68cbdf6cc02d59b6eac15be635f77d;Text/ASCII- oder ANSI-nah;;Makro;"Office-Automatisierung; nur Quelltext statisch untersucht, nie ausgefuehrt.";"Lesbarer Makroquelltext statisch ausgewertet; nie ausgefuehrt.";Welcher Ausloeser und welche aktuelle Dokumentvariante gelten?
SRC-APP-0326;edwalt3;Makros\Sicherung\EDWALT3.bas;EDWALT3.bas;BAS;37830;2003-12-15T08:38:04Z;Archive;ad6292cc47226e33a0b5a6a50c75387388c90ceaf190a4ec3d4224e19b1f3467;Text/ASCII- oder ANSI-nah;;Makro;"Office-Automatisierung; nur Quelltext statisch untersucht, nie ausgefuehrt.";"Lesbarer Makroquelltext statisch ausgewertet; nie ausgefuehrt.";Welcher Ausloeser und welche aktuelle Dokumentvariante gelten?
SRC-APP-0327;edwalt3;MFBPS.DLL;MFBPS.DLL;DLL;40960;2000-04-13T01:11:00Z;Archive;5e3db7ad33846813230cda591e1f77c06e7529a09e00149f669e9849bd698816;PE/Windows-Programmdatei;;Laufzeitbibliothek;Technische Laufzeit- oder Kommunikationsabhaengigkeit.;"Metadaten, SHA-256 und Header statisch erfasst; nicht ausgefuehrt.";Ist das Artefakt produktiv, optional, historisch oder nur mitgeliefert?
SRC-APP-0328;edwalt3;MFCLIENT.INT;MFCLIENT.INT;INT;26112;2000-04-13T01:11:00Z;Archive;529ab173aecb9efbcf0e7ce319b86928a39938db4a8bfec1c170fe5e51cce1bb;unbekanntes Binaerformat;;Konfiguration;"Betriebs-, Funktions- oder Drucksteuerung; Werte werden nicht offengelegt.";"Metadaten, SHA-256 und Header statisch erfasst; nicht ausgefuehrt.";"Welche Schluessel sind produktiv relevant; welche Werte duerfen spaeter migriert werden?"
SRC-APP-0329;edwalt3;MFCOBOL.JAR;MFCOBOL.JAR;JAR;55657;2000-04-13T01:11:00Z;Archive;024cb8ad48dd3e5e325208c72e1cee4435d234cf3ffc698503d315d41ac04366;ZIP/OOXML/JAR-Container;;unbekannt;Funktion oder Format noch nicht sicher bestimmbar.;"Metadaten, SHA-256 und Header statisch erfasst; nicht ausgefuehrt.";Wie sind Format und Aufgabe ohne schreibenden Zugriff sicher zu bestaetigen?
SRC-APP-0330;edwalt3;MFCONFIG.GNT;MFCONFIG.GNT;GNT;17156;2000-04-13T01:11:00Z;Archive;7454cf7cc2e18fc6debb1793d13c248ca3b815321ca460d08e3cc15668e72675;unbekanntes Binaerformat;;Laufzeitbibliothek;Technische Laufzeit- oder Kommunikationsabhaengigkeit.;"Metadaten, SHA-256 und Header statisch erfasst; nicht ausgefuehrt.";Ist das Artefakt produktiv, optional, historisch oder nur mitgeliefert?
SRC-APP-0331;edwalt3;MFCSMGR.INT;MFCSMGR.INT;INT;8704;2000-04-13T01:11:00Z;Archive;5b0c707f7d18086e264115b1430476a64aead5887c0dd33a97e932af37f1b339;unbekanntes Binaerformat;;Konfiguration;"Betriebs-, Funktions- oder Drucksteuerung; Werte werden nicht offengelegt.";"Metadaten, SHA-256 und Header statisch erfasst; nicht ausgefuehrt.";"Welche Schluessel sind produktiv relevant; welche Werte duerfen spaeter migriert werden?"
SRC-APP-0332;edwalt3;mfdebug.log;mfdebug.log;LOG;1007;2024-02-14T08:38:51.671931Z;Archive;6eada04eaaf11574d0dc5969aeb5a220757733cd04e2c574d4188a805a5874c6;Text/ASCII- oder ANSI-nah;;Protokoll;"Betriebs-, Fehler- oder temporaeres Artefakt; keine Rohinhalte dokumentiert.";"Metadaten, SHA-256 und Header statisch erfasst; nicht ausgefuehrt.";Ist das Artefakt produktiv, optional, historisch oder nur mitgeliefert?
SRC-APP-0333;edwalt3;MFFH.DLL;MFFH.DLL;DLL;241664;2000-04-13T01:11:00Z;Archive;97cdb9b0d757c920e65d28352e3f8955ee2356d44d8057119c55679800d10bed;PE/Windows-Programmdatei;;Laufzeitbibliothek;Technische Laufzeit- oder Kommunikationsabhaengigkeit.;"Metadaten, SHA-256 und Header statisch erfasst; nicht ausgefuehrt.";Ist das Artefakt produktiv, optional, historisch oder nur mitgeliefert?
SRC-APP-0334;edwalt3;MFJAVAM.DLL;MFJAVAM.DLL;DLL;77824;2000-04-13T01:11:00Z;Archive;6c892d4e89fa5a62b24285bed6d9200e77c7b2464e19d3159bb55773a19f4fbc;PE/Windows-Programmdatei;;Laufzeitbibliothek;Technische Laufzeit- oder Kommunikationsabhaengigkeit.;"Metadaten, SHA-256 und Header statisch erfasst; nicht ausgefuehrt.";Ist das Artefakt produktiv, optional, historisch oder nur mitgeliefert?
SRC-APP-0335;edwalt3;MFLANG01.LBR;MFLANG01.LBR;LBR;180096;2000-04-13T01:11:00Z;Archive;fa967a47b921ed2a3553deaa2edf1b7b0d87493f44646483cc3629d875a5a8a2;unbekanntes Binaerformat;;Laufzeitbibliothek;Technische Laufzeit- oder Kommunikationsabhaengigkeit.;"Metadaten, SHA-256 und Header statisch erfasst; nicht ausgefuehrt.";Ist das Artefakt produktiv, optional, historisch oder nur mitgeliefert?
SRC-APP-0336;edwalt3;MFLANG05.LBR;MFLANG05.LBR;LBR;179328;2000-04-13T01:11:00Z;Archive;6fffc200c2d9075f719f53165f6ec8fab5a5dcb673714e238dc61824cd59fc61;unbekanntes Binaerformat;;Laufzeitbibliothek;Technische Laufzeit- oder Kommunikationsabhaengigkeit.;"Metadaten, SHA-256 und Header statisch erfasst; nicht ausgefuehrt.";Ist das Artefakt produktiv, optional, historisch oder nur mitgeliefert?
SRC-APP-0337;edwalt3;MFLANG20.LBR;MFLANG20.LBR;LBR;160384;2000-04-13T01:11:00Z;Archive;944368de2c66dd6e04111840fead6a9bce0e5340d2117d327a51b6016a56eabf;unbekanntes Binaerformat;;Laufzeitbibliothek;Technische Laufzeit- oder Kommunikationsabhaengigkeit.;"Metadaten, SHA-256 und Header statisch erfasst; nicht ausgefuehrt.";Ist das Artefakt produktiv, optional, historisch oder nur mitgeliefert?
SRC-APP-0338;edwalt3;MFLANGDF.LBR;MFLANGDF.LBR;LBR;174976;2000-04-13T01:11:00Z;Archive;fde7fd4f4d2df0fa2a46906fb22b60931fd3bf0055e080eb7361159796fb38f7;unbekanntes Binaerformat;;Laufzeitbibliothek;Technische Laufzeit- oder Kommunikationsabhaengigkeit.;"Metadaten, SHA-256 und Header statisch erfasst; nicht ausgefuehrt.";Ist das Artefakt produktiv, optional, historisch oder nur mitgeliefert?
SRC-APP-0339;edwalt3;MFOLECL.DLL;MFOLECL.DLL;DLL;200704;2000-04-13T01:11:00Z;Archive;e618876d62f53eea995e30b31f4ba09c0663ac24df68ad15a2c52fe7e97d97d0;PE/Windows-Programmdatei;;Laufzeitbibliothek;Technische Laufzeit- oder Kommunikationsabhaengigkeit.;"Metadaten, SHA-256 und Header statisch erfasst; nicht ausgefuehrt.";Ist das Artefakt produktiv, optional, historisch oder nur mitgeliefert?
SRC-APP-0340;edwalt3;MFOLEM.DLL;MFOLEM.DLL;DLL;65536;2000-04-13T01:11:00Z;Archive;976577dee4be881ac0baa00073330f9befdccb38b6eb9bd60b664fadf357ebf1;PE/Windows-Programmdatei;;Laufzeitbibliothek;Technische Laufzeit- oder Kommunikationsabhaengigkeit.;"Metadaten, SHA-256 und Header statisch erfasst; nicht ausgefuehrt.";Ist das Artefakt produktiv, optional, historisch oder nur mitgeliefert?
SRC-APP-0341;edwalt3;MFOLES.DLL;MFOLES.DLL;DLL;98304;2000-04-13T01:11:00Z;Archive;4b4499fa491e72c26823ad72cf0f66344a886b4253164b6702f833188c3dfa56;PE/Windows-Programmdatei;;Laufzeitbibliothek;Technische Laufzeit- oder Kommunikationsabhaengigkeit.;"Metadaten, SHA-256 und Header statisch erfasst; nicht ausgefuehrt.";Ist das Artefakt produktiv, optional, historisch oder nur mitgeliefert?
SRC-APP-0342;edwalt3;MFOLEX32.DLL;MFOLEX32.DLL;DLL;77824;2000-04-13T01:11:00Z;Archive;baae2ca4d44e883e7372653ac403e8bcf3ecb3dea14bc5bd3fa285ec2c600d43;PE/Windows-Programmdatei;;Laufzeitbibliothek;Technische Laufzeit- oder Kommunikationsabhaengigkeit.;"Metadaten, SHA-256 und Header statisch erfasst; nicht ausgefuehrt.";Ist das Artefakt produktiv, optional, historisch oder nur mitgeliefert?
SRC-APP-0343;edwalt3;MFOLEX56.DLL;MFOLEX56.DLL;DLL;24576;2000-04-13T01:11:22Z;Archive;04847d7abfc8c4bacb1052ce1f280953cc3c485a6bc9ea99607590efad39003f;PE/Windows-Programmdatei;;Laufzeitbibliothek;Technische Laufzeit- oder Kommunikationsabhaengigkeit.;"Metadaten, SHA-256 und Header statisch erfasst; nicht ausgefuehrt.";Ist das Artefakt produktiv, optional, historisch oder nur mitgeliefert?
SRC-APP-0344;edwalt3;MFOM.DLL;MFOM.DLL;DLL;28715;2000-04-13T01:11:00Z;Archive;e118bcb22f91819975d41dbe75b44afbdba5ee38dd52d09a51c47c2d8ce9a5e9;PE/Windows-Programmdatei;;Laufzeitbibliothek;Technische Laufzeit- oder Kommunikationsabhaengigkeit.;"Metadaten, SHA-256 und Header statisch erfasst; nicht ausgefuehrt.";Ist das Artefakt produktiv, optional, historisch oder nur mitgeliefert?
SRC-APP-0345;edwalt3;MFOS.DLL;MFOS.DLL;DLL;28672;2000-04-13T01:11:00Z;Archive;9af88a8e96ff0461ebe33656ed75138ad36e8ef34edaad11c9c4c7b9b9d61edb;PE/Windows-Programmdatei;;Laufzeitbibliothek;Technische Laufzeit- oder Kommunikationsabhaengigkeit.;"Metadaten, SHA-256 und Header statisch erfasst; nicht ausgefuehrt.";Ist das Artefakt produktiv, optional, historisch oder nur mitgeliefert?
SRC-APP-0346;edwalt3;MFOXUI32.DLL;MFOXUI32.DLL;DLL;188416;2000-04-13T01:11:00Z;Archive;f6ff504a817d16c1f72112ca6197caa970d90a1f06c4f96bc733ab95e8995ac9;PE/Windows-Programmdatei;;Laufzeitbibliothek;Technische Laufzeit- oder Kommunikationsabhaengigkeit.;"Metadaten, SHA-256 und Header statisch erfasst; nicht ausgefuehrt.";Ist das Artefakt produktiv, optional, historisch oder nur mitgeliefert?
SRC-APP-0347;edwalt3;MFSERVER.INT;MFSERVER.INT;INT;27136;2000-04-13T01:11:00Z;Archive;970fda9d08cbb087acf414378a4fc53fdfa490797127139e7805e34d6485c830;unbekanntes Binaerformat;;Konfiguration;"Betriebs-, Funktions- oder Drucksteuerung; Werte werden nicht offengelegt.";"Metadaten, SHA-256 und Header statisch erfasst; nicht ausgefuehrt.";"Welche Schluessel sind produktiv relevant; welche Werte duerfen spaeter migriert werden?"
SRC-APP-0348;edwalt3;MFSORT.CNT;MFSORT.CNT;CNT;672;2000-04-13T01:11:00Z;Archive;8d75987c35bdc1eecc0dffbcdd15cb34c6596105c2975b858a54471930962302;Text/ASCII- oder ANSI-nah;;Hilfe;Lokale Produkt- oder Laufzeithilfe.;"Metadaten, SHA-256 und Header statisch erfasst; nicht ausgefuehrt.";Ist das Artefakt produktiv, optional, historisch oder nur mitgeliefert?
SRC-APP-0349;edwalt3;MFSORT.HLP;MFSORT.HLP;HLP;26946;2000-04-13T01:11:00Z;Archive;eb9265e36d876edda4a534d441165f6cd7683c2251bc97975f1bc27de081709d;unbekanntes Binaerformat;;Hilfe;Lokale Produkt- oder Laufzeithilfe.;"Metadaten, SHA-256 und Header statisch erfasst; nicht ausgefuehrt.";Ist das Artefakt produktiv, optional, historisch oder nur mitgeliefert?
SRC-APP-0350;edwalt3;MOD10.DLL;MOD10.DLL;DLL;24576;2003-03-30T18:36:48Z;Archive;72157ed370b5ae5dfff0b72879b871056f0dae616f8c2915fae57340a2db1f3a;PE/Windows-Programmdatei;;Fachmodul;"Moegliche Fach- oder Zusatzfunktion; Aufgabe anhand weiterer Evidenz zu klaeren.";"Metadaten, SHA-256 und Header statisch erfasst; nicht ausgefuehrt.";Wird die Komponente/Funktion heute genutzt und in welchem Prozess?
SRC-APP-0351;edwalt3;MSVCRT.DLL;MSVCRT.DLL;DLL;266293;1999-01-05T00:00:00Z;Archive;d4287ab5e4988dfe99bd54243d50dbe8744094f11fe5f9809a1a6fb9728c2124;PE/Windows-Programmdatei;;Laufzeitbibliothek;Technische Laufzeit- oder Kommunikationsabhaengigkeit.;"Metadaten, SHA-256 und Header statisch erfasst; nicht ausgefuehrt.";Ist das Artefakt produktiv, optional, historisch oder nur mitgeliefert?
SRC-APP-0352;edwalt3;NADEL.DRV;NADEL.DRV;DRV;1624;1995-02-16T05:33:04Z;Archive;8349a847851fc0ea283497cc972dc7aee476af2128a0cf17381ce3b90bf748a5;Text/ASCII- oder ANSI-nah;;Konfiguration;"Betriebs-, Funktions- oder Drucksteuerung; Werte werden nicht offengelegt.";"Metadaten, SHA-256 und Header statisch erfasst; nicht ausgefuehrt.";"Welche Schluessel sind produktiv relevant; welche Werte duerfen spaeter migriert werden?"
SRC-APP-0353;edwalt3;NAME.LBR;NAME.LBR;LBR;81536;2000-04-13T01:11:00Z;Archive;0afd7b6f71b2b1fc00c7eb94812eed6d393f764dc63d5cc2497fa15cedd65b9f;unbekanntes Binaerformat;;Fachmodul;"Moegliche Fach- oder Zusatzfunktion; Aufgabe anhand weiterer Evidenz zu klaeren.";"Metadaten, SHA-256 und Header statisch erfasst; nicht ausgefuehrt.";Wird die Komponente/Funktion heute genutzt und in welchem Prozess?
SRC-APP-0354;edwalt3;NEWSET.GS;NEWSET.GS;GS;9472;2003-03-10T19:10:38Z;Archive;07ca9411860fdb6bbb6d281a9bfbf3a6e9e20903cb8b90cf022e7439faa1fc05;unbekanntes Binaerformat;;Fachmodul;"Moegliche Fach- oder Zusatzfunktion; Aufgabe anhand weiterer Evidenz zu klaeren.";"Metadaten, SHA-256 und Header statisch erfasst; nicht ausgefuehrt.";Wird die Komponente/Funktion heute genutzt und in welchem Prozess?
SRC-APP-0355;edwalt3;NEWSET2.GS;NEWSET2.GS;GS;5120;2003-03-26T12:54:30Z;Archive;ff433280b474196c4c63537ec32e52c052d7ee71058ffb04fd6bc3a772406bae;unbekanntes Binaerformat;;Fachmodul;"Moegliche Fach- oder Zusatzfunktion; Aufgabe anhand weiterer Evidenz zu klaeren.";"Metadaten, SHA-256 und Header statisch erfasst; nicht ausgefuehrt.";Wird die Komponente/Funktion heute genutzt und in welchem Prozess?
SRC-APP-0356;edwalt3;NOTIZ.BMP;NOTIZ.BMP;BMP;858;1995-04-11T15:11:00Z;Archive;b2ecebfa9f8c24f9ee831e75be711cd1af3bbaa2609d18c391562c401fc6ee14;BMP;;Screenshot;"Hilfebild oder UI-Grafik; nur lokal geprueft, nicht uebernommen.";"Metadaten und Header erfasst; nicht ausgefuehrt und nicht in Git uebernommen; visuelle/fachliche Zuordnung offen.";Ist das Artefakt produktiv, optional, historisch oder nur mitgeliefert?
SRC-APP-0357;edwalt3;NUEND.TMP;NUEND.TMP;TMP;967;2004-10-26T09:40:36Z;Archive;382cddf9942fa423231bafb69dee56bd313ea0b06897990d70e4eb59f7767f82;unbekanntes Binaerformat;;Protokoll;"Betriebs-, Fehler- oder temporaeres Artefakt; keine Rohinhalte dokumentiert.";"Metadaten, SHA-256 und Header statisch erfasst; nicht ausgefuehrt.";Ist das Artefakt produktiv, optional, historisch oder nur mitgeliefert?
SRC-APP-0358;edwalt3;OBJECTCONTEXT.DLL;OBJECTCONTEXT.DLL;DLL;45056;2000-04-13T01:11:00Z;Archive;9174cad62d926baa73d6551227a4cc1de0eb848ef579d7d932c01231117d63da;PE/Windows-Programmdatei;;Laufzeitbibliothek;Technische Laufzeit- oder Kommunikationsabhaengigkeit.;"Metadaten, SHA-256 und Header statisch erfasst; nicht ausgefuehrt.";Ist das Artefakt produktiv, optional, historisch oder nur mitgeliefert?
SRC-APP-0359;edwalt3;ODBCRW32.DLL;ODBCRW32.DLL;DLL;167936;2000-04-13T01:11:00Z;Archive;1d96624affc03bbe2916e29279d1697a52ffe73b9815a7e82a1dee3ec1354e8e;PE/Windows-Programmdatei;;Laufzeitbibliothek;Technische Laufzeit- oder Kommunikationsabhaengigkeit.;"Metadaten, SHA-256 und Header statisch erfasst; nicht ausgefuehrt.";Ist das Artefakt produktiv, optional, historisch oder nur mitgeliefert?
SRC-APP-0360;edwalt3;OLECL.DLL;OLECL.DLL;DLL;663552;2000-04-13T01:11:00Z;Archive;bb64f6de651d5cfe4aa8431b3824c59680277a474112ac623c41d0c0341d0976;PE/Windows-Programmdatei;;Laufzeitbibliothek;Technische Laufzeit- oder Kommunikationsabhaengigkeit.;"Metadaten, SHA-256 und Header statisch erfasst; nicht ausgefuehrt.";Ist das Artefakt produktiv, optional, historisch oder nur mitgeliefert?
SRC-APP-0361;edwalt3;OLECLASM.DLL;OLECLASM.DLL;DLL;65536;2000-04-13T01:11:00Z;Archive;9ea745c2419010b1985ef6b910cc3656243dbdfa15ff98f23136f1be0954b79d;PE/Windows-Programmdatei;;Laufzeitbibliothek;Technische Laufzeit- oder Kommunikationsabhaengigkeit.;"Metadaten, SHA-256 und Header statisch erfasst; nicht ausgefuehrt.";Ist das Artefakt produktiv, optional, historisch oder nur mitgeliefert?
SRC-APP-0362;edwalt3;OLECLASS.DLL;OLECLASS.DLL;DLL;65536;2000-04-13T01:11:00Z;Archive;946c0008e635435d11df0f63eebc98bb336ecf110b7b6d5398bb67edcb7526c4;PE/Windows-Programmdatei;;Laufzeitbibliothek;Technische Laufzeit- oder Kommunikationsabhaengigkeit.;"Metadaten, SHA-256 und Header statisch erfasst; nicht ausgefuehrt.";Ist das Artefakt produktiv, optional, historisch oder nur mitgeliefert?
SRC-APP-0363;edwalt3;OLEPRO32.DLL;OLEPRO32.DLL;DLL;164112;1998-12-18T14:17:36Z;Archive;8d6b7753d31270a7dd0c717136be597842ca72a9d32a2d5921e06089d7a2ce1b;PE/Windows-Programmdatei;;Laufzeitbibliothek;Technische Laufzeit- oder Kommunikationsabhaengigkeit.;"Metadaten, SHA-256 und Header statisch erfasst; nicht ausgefuehrt.";Ist das Artefakt produktiv, optional, historisch oder nur mitgeliefert?
SRC-APP-0364;edwalt3;oliW002.dat;oliW002.dat;DAT;4768;2002-04-25T07:32:32Z;Archive;34cd79f07e96f9b8edca31336f2e2a89fd7b1fbb13fbe1527f2eab6bba04f625;unbekanntes Binaerformat;oliW002.idx;Daten;"Moeglicher fachlicher Datenbestand; Inhalte wurden nicht exportiert.";"Metadaten, SHA-256 und Header erfasst; keine Datensaetze exportiert, kein Index geoeffnet oder repariert.";Welche fachliche Bedeutung, Schluessel und Aufbewahrungsregeln gelten?
SRC-APP-0365;edwalt3;oliW002.idx;oliW002.idx;IDX;4096;2002-04-25T07:32:32Z;Archive;ce7d624a6ae39c8644ae77791df8e7a1d6e7493cd573ba8baf771ef0674ef1cc;unbekanntes Binaerformat;oliW002.dat;Index;"Partnerindex zu einem Datenbestand; nicht geoeffnet oder repariert.";"Metadaten, SHA-256 und Header erfasst; keine Datensaetze exportiert, kein Index geoeffnet oder repariert.";Welche fachliche Bedeutung, Schluessel und Aufbewahrungsregeln gelten?
SRC-APP-0366;edwalt3;OOPSM.CFG;OOPSM.CFG;CFG;57;2000-04-13T01:11:00Z;Archive;bb629acecf79d400af55b3eee6a34642bd1f9ac7eb27046a79a8c938724a1df7;unbekanntes Binaerformat;;Konfiguration;"Betriebs-, Funktions- oder Drucksteuerung; Werte werden nicht offengelegt.";"Metadaten, SHA-256 und Header statisch erfasst; nicht ausgefuehrt.";"Welche Schluessel sind produktiv relevant; welche Werte duerfen spaeter migriert werden?"
SRC-APP-0367;edwalt3;OOPSM.DLL;OOPSM.DLL;DLL;77824;2000-04-13T01:11:00Z;Archive;d52eec4e67265e6ac3c76cae3ebbd1f218a5ab428679d7f972be6eb59fe37a63;PE/Windows-Programmdatei;;Laufzeitbibliothek;Technische Laufzeit- oder Kommunikationsabhaengigkeit.;"Metadaten, SHA-256 und Header statisch erfasst; nicht ausgefuehrt.";Ist das Artefakt produktiv, optional, historisch oder nur mitgeliefert?
SRC-APP-0368;edwalt3;OOPSS.CFG;OOPSS.CFG;CFG;40;2000-04-13T01:11:00Z;Archive;1d31cf03fbab58826e1efa8edb5ff6b46316d6d0daafa82de007be3c9859969a;unbekanntes Binaerformat;;Konfiguration;"Betriebs-, Funktions- oder Drucksteuerung; Werte werden nicht offengelegt.";"Metadaten, SHA-256 und Header statisch erfasst; nicht ausgefuehrt.";"Welche Schluessel sind produktiv relevant; welche Werte duerfen spaeter migriert werden?"
SRC-APP-0369;edwalt3;OOPSS.DLL;OOPSS.DLL;DLL;65536;2000-04-13T01:11:00Z;Archive;2e4d1bbbf77387b268cffa55cdcefed6e4d83488d3bb956b9e8a04eef93997d5;PE/Windows-Programmdatei;;Laufzeitbibliothek;Technische Laufzeit- oder Kommunikationsabhaengigkeit.;"Metadaten, SHA-256 und Header statisch erfasst; nicht ausgefuehrt.";Ist das Artefakt produktiv, optional, historisch oder nur mitgeliefert?
SRC-APP-0370;edwalt3;P025.DLL;P025.DLL;DLL;266240;2007-06-27T12:12:24Z;Archive;cfcb4958044ff488768825df2c13c7e66dcd25c17bae5923a1596cc37a11ef7f;PE/Windows-Programmdatei;;Fachmodul;"Moegliche Fach- oder Zusatzfunktion; Aufgabe anhand weiterer Evidenz zu klaeren.";"Metadaten, SHA-256 und Header statisch erfasst; nicht ausgefuehrt.";Wird die Komponente/Funktion heute genutzt und in welchem Prozess?
SRC-APP-0371;edwalt3;P025.GS;P025.GS;GS;54912;2003-03-29T13:05:08Z;Archive;d695304b5be9c344b54e244a797da04459164928dd8018977f321261e42c308d;unbekanntes Binaerformat;;Fachmodul;"Moegliche Fach- oder Zusatzfunktion; Aufgabe anhand weiterer Evidenz zu klaeren.";"Metadaten, SHA-256 und Header statisch erfasst; nicht ausgefuehrt.";Wird die Komponente/Funktion heute genutzt und in welchem Prozess?
SRC-APP-0372;edwalt3;P026.BMP;P026.BMP;BMP;1686;1995-09-25T16:16:00Z;Archive;7b8fd065b526b54a1a8c26462dcf1f7e8f5d7f22c7753fa4bd0f33d2303a82b7;BMP;;Screenshot;"Hilfebild oder UI-Grafik; nur lokal geprueft, nicht uebernommen.";"Metadaten und Header erfasst; nicht ausgefuehrt und nicht in Git uebernommen; visuelle/fachliche Zuordnung offen.";Ist das Artefakt produktiv, optional, historisch oder nur mitgeliefert?
SRC-APP-0373;edwalt3;P026.DLL;P026.DLL;DLL;409600;2007-06-27T12:12:22Z;Archive;9aad6c7627bc2fa3c9f846f17e5dec4f43426f5afb5dc4e88f94c204a6feeeb1;PE/Windows-Programmdatei;;Fachmodul;"Moegliche Fach- oder Zusatzfunktion; Aufgabe anhand weiterer Evidenz zu klaeren.";"Metadaten, SHA-256 und Header statisch erfasst; nicht ausgefuehrt.";Wird die Komponente/Funktion heute genutzt und in welchem Prozess?
SRC-APP-0374;edwalt3;P026.GS;P026.GS;GS;214656;2006-05-24T19:36:54Z;Archive;24b91b6bc88d0e9fdc2a6d973956a1574c08f82f29937c304779778da27a89b1;unbekanntes Binaerformat;;Fachmodul;"Moegliche Fach- oder Zusatzfunktion; Aufgabe anhand weiterer Evidenz zu klaeren.";"Metadaten, SHA-256 und Header statisch erfasst; nicht ausgefuehrt.";Wird die Komponente/Funktion heute genutzt und in welchem Prozess?
SRC-APP-0375;edwalt3;P026.ICO;P026.ICO;ICO;766;1995-09-25T16:06:00Z;Archive;a63932d3756c212260a32ab0c03c42879c5e88862e423800ea15edb8d2272ac5;Windows-Icon/Cursor;;Screenshot;"Hilfebild oder UI-Grafik; nur lokal geprueft, nicht uebernommen.";"Metadaten und Header erfasst; nicht ausgefuehrt und nicht in Git uebernommen; visuelle/fachliche Zuordnung offen.";Ist das Artefakt produktiv, optional, historisch oder nur mitgeliefert?
SRC-APP-0376;edwalt3;P0261.BMP;P0261.BMP;BMP;1686;1995-09-25T16:35:00Z;Archive;21c00676648a25928debbe825f100730ee7324c4c3387e84c9556b5af72ac924;BMP;;Screenshot;"Hilfebild oder UI-Grafik; nur lokal geprueft, nicht uebernommen.";"Metadaten und Header erfasst; nicht ausgefuehrt und nicht in Git uebernommen; visuelle/fachliche Zuordnung offen.";Ist das Artefakt produktiv, optional, historisch oder nur mitgeliefert?
SRC-APP-0377;edwalt3;P027.DLL;P027.DLL;DLL;258048;2007-06-27T12:12:24Z;Archive;405625fc477c70eb913f1e49145e1501468f1cf7f152932503c00c97e60dfea1;PE/Windows-Programmdatei;;Fachmodul;"Moegliche Fach- oder Zusatzfunktion; Aufgabe anhand weiterer Evidenz zu klaeren.";"Metadaten, SHA-256 und Header statisch erfasst; nicht ausgefuehrt.";Wird die Komponente/Funktion heute genutzt und in welchem Prozess?
SRC-APP-0378;edwalt3;P027.GS;P027.GS;GS;59008;2003-03-29T13:04:12Z;Archive;afbbd387e73de6e235ea21459190409a516111eb7a65faa6fdac2ece2bb11fca;unbekanntes Binaerformat;;Fachmodul;"Moegliche Fach- oder Zusatzfunktion; Aufgabe anhand weiterer Evidenz zu klaeren.";"Metadaten, SHA-256 und Header statisch erfasst; nicht ausgefuehrt.";Wird die Komponente/Funktion heute genutzt und in welchem Prozess?
SRC-APP-0379;edwalt3;P050.BMP;P050.BMP;BMP;1518;1996-05-09T20:21:00Z;Archive;a83bbc582d6a58f23be99bb15e8cfe0702e8704be4c11b60d7f0bf307acfc068;BMP;;Screenshot;"Hilfebild oder UI-Grafik; nur lokal geprueft, nicht uebernommen.";"Metadaten und Header erfasst; nicht ausgefuehrt und nicht in Git uebernommen; visuelle/fachliche Zuordnung offen.";Ist das Artefakt produktiv, optional, historisch oder nur mitgeliefert?
SRC-APP-0380;edwalt3;P050.DLL;P050.DLL;DLL;290816;2007-06-27T12:12:12Z;Archive;e66526fbe2782e0cfd2fc8951307a801ae513221530ddf5ed4c7fc63c7ef9393;PE/Windows-Programmdatei;;Fachmodul;"Moegliche Fach- oder Zusatzfunktion; Aufgabe anhand weiterer Evidenz zu klaeren.";"Metadaten, SHA-256 und Header statisch erfasst; nicht ausgefuehrt.";Wird die Komponente/Funktion heute genutzt und in welchem Prozess?
SRC-APP-0381;edwalt3;P050.GS;P050.GS;GS;129408;2005-09-19T15:18:02Z;Archive;50992e12117721869319e25273d93f9784cc40e97488c70c8c1a52f5a16b4de5;unbekanntes Binaerformat;;Fachmodul;"Moegliche Fach- oder Zusatzfunktion; Aufgabe anhand weiterer Evidenz zu klaeren.";"Metadaten, SHA-256 und Header statisch erfasst; nicht ausgefuehrt.";Wird die Komponente/Funktion heute genutzt und in welchem Prozess?
SRC-APP-0382;edwalt3;P050.ICO;P050.ICO;ICO;766;1996-07-04T17:52:00Z;Archive;ad59f4846ac739a7dfef8706f723b8517cd57b20392b9c753a2345bef643b10b;Windows-Icon/Cursor;;Screenshot;"Hilfebild oder UI-Grafik; nur lokal geprueft, nicht uebernommen.";"Metadaten und Header erfasst; nicht ausgefuehrt und nicht in Git uebernommen; visuelle/fachliche Zuordnung offen.";Ist das Artefakt produktiv, optional, historisch oder nur mitgeliefert?
SRC-APP-0383;edwalt3;P051.BMP;P051.BMP;BMP;1518;1996-07-04T17:46:00Z;Archive;fdb8fb8632f36841eacaad638dc3bbededbc8a9358c0770fd875452a9a87422e;BMP;;Screenshot;"Hilfebild oder UI-Grafik; nur lokal geprueft, nicht uebernommen.";"Metadaten und Header erfasst; nicht ausgefuehrt und nicht in Git uebernommen; visuelle/fachliche Zuordnung offen.";Ist das Artefakt produktiv, optional, historisch oder nur mitgeliefert?
SRC-APP-0384;edwalt3;P052.BMP;P052.BMP;BMP;1518;1996-07-04T17:40:00Z;Archive;462dff5c73ec37a2acec54a747da88b8ee87b34a9371eca41d9280203705fa45;BMP;;Screenshot;"Hilfebild oder UI-Grafik; nur lokal geprueft, nicht uebernommen.";"Metadaten und Header erfasst; nicht ausgefuehrt und nicht in Git uebernommen; visuelle/fachliche Zuordnung offen.";Ist das Artefakt produktiv, optional, historisch oder nur mitgeliefert?
SRC-APP-0385;edwalt3;P056.DLL;P056.DLL;DLL;20480;2005-08-14T08:51:16Z;Archive;ec329b8c8fc6ee99fd8effe0d7eb594bc5e829d6d76ffcdef7518aea63ffc1ba;PE/Windows-Programmdatei;;Fachmodul;"Moegliche Fach- oder Zusatzfunktion; Aufgabe anhand weiterer Evidenz zu klaeren.";"Metadaten, SHA-256 und Header statisch erfasst; nicht ausgefuehrt.";Wird die Komponente/Funktion heute genutzt und in welchem Prozess?
SRC-APP-0386;edwalt3;P080.DLL;P080.DLL;DLL;352256;2007-06-27T12:12:16Z;Archive;cacb2b5ab444671fff055b90d4ed9b944d84959336c5e62f273bb380ecf632d7;PE/Windows-Programmdatei;;Fachmodul;"Moegliche Fach- oder Zusatzfunktion; Aufgabe anhand weiterer Evidenz zu klaeren.";"Metadaten, SHA-256 und Header statisch erfasst; nicht ausgefuehrt.";Wird die Komponente/Funktion heute genutzt und in welchem Prozess?
SRC-APP-0387;edwalt3;P080.GS;P080.GS;GS;459008;2005-11-02T18:14:36Z;Archive;996704db8b46b7c3f5bdad31875e82a328928c20e7d7f9161da1950a1d52e342;unbekanntes Binaerformat;;Fachmodul;"Moegliche Fach- oder Zusatzfunktion; Aufgabe anhand weiterer Evidenz zu klaeren.";"Metadaten, SHA-256 und Header statisch erfasst; nicht ausgefuehrt.";Wird die Komponente/Funktion heute genutzt und in welchem Prozess?
SRC-APP-0388;edwalt3;P081.DLL;P081.DLL;DLL;270336;2007-06-27T12:12:50Z;Archive;8b66a264b49b1200d4c4b1e9e49d661bcaaec839d76026e9c1427ec8583af8a6;PE/Windows-Programmdatei;;Fachmodul;"Moegliche Fach- oder Zusatzfunktion; Aufgabe anhand weiterer Evidenz zu klaeren.";"Metadaten, SHA-256 und Header statisch erfasst; nicht ausgefuehrt.";Wird die Komponente/Funktion heute genutzt und in welchem Prozess?
SRC-APP-0389;edwalt3;P081.GS;P081.GS;GS;76544;2003-08-04T13:40:38Z;Archive;4d084d7c90340bc4b88c5d60957bde5722458f69aa114e7582ef8e80aad53043;unbekanntes Binaerformat;;Fachmodul;"Moegliche Fach- oder Zusatzfunktion; Aufgabe anhand weiterer Evidenz zu klaeren.";"Metadaten, SHA-256 und Header statisch erfasst; nicht ausgefuehrt.";Wird die Komponente/Funktion heute genutzt und in welchem Prozess?
SRC-APP-0390;edwalt3;PAN2CLIB.GNT;PAN2CLIB.GNT;GNT;3543;2000-04-13T01:11:00Z;Archive;57f1034a199711013e5d22cb3a03f309dc1a8515a1eee118170ae88463f8aaee;unbekanntes Binaerformat;;Fachmodul;"Moegliche Fach- oder Zusatzfunktion; Aufgabe anhand weiterer Evidenz zu klaeren.";"Metadaten, SHA-256 und Header statisch erfasst; nicht ausgefuehrt.";Wird die Komponente/Funktion heute genutzt und in welchem Prozess?
SRC-APP-0391;edwalt3;PAN2NT.DLL;PAN2NT.DLL;DLL;270336;2000-04-13T01:11:00Z;Archive;33e26d97f61482a6aa58dba481e90610dd75ae9e80e32281d03fc870e31c75a2;PE/Windows-Programmdatei;;Laufzeitbibliothek;Technische Laufzeit- oder Kommunikationsabhaengigkeit.;"Metadaten, SHA-256 und Header statisch erfasst; nicht ausgefuehrt.";Ist das Artefakt produktiv, optional, historisch oder nur mitgeliefert?
SRC-APP-0392;edwalt3;PANELS2.GNT;PANELS2.GNT;GNT;9882;2000-04-13T01:11:00Z;Archive;a6955c73774d55889dffe0b3b69044dfbf95c79e1dd9b8f3bdf7f11bd5acac74;unbekanntes Binaerformat;;Fachmodul;"Moegliche Fach- oder Zusatzfunktion; Aufgabe anhand weiterer Evidenz zu klaeren.";"Metadaten, SHA-256 und Header statisch erfasst; nicht ausgefuehrt.";Wird die Komponente/Funktion heute genutzt und in welchem Prozess?
SRC-APP-0393;edwalt3;Pfade.exe;Pfade.exe;EXE;753664;2007-06-27T12:13:14Z;Archive;b6510a28dcaa94e30df7b1b26d8383f097f7502d5f05e72e4dfee9ce6556941f;PE/Windows-Programmdatei;;Fachmodul;"Moegliche Fach- oder Zusatzfunktion; Aufgabe anhand weiterer Evidenz zu klaeren.";"Metadaten, SHA-256 und Header statisch erfasst; nicht ausgefuehrt.";Wird die Komponente/Funktion heute genutzt und in welchem Prozess?
SRC-APP-0394;edwalt3;PKZIP.EXE;PKZIP.EXE;EXE;42166;1993-01-31T23:04:16Z;Archive;900149dcbadcec47e4dd3ca658f1adaf10ae9548e469f372b2e3174b9696d2a5;PE/Windows-Programmdatei;;Wartungswerkzeug;"Wartungs-, Installations- oder Reorganisationsartefakt; nie ausgefuehrt.";"Metadaten, SHA-256 und Header statisch erfasst; nicht ausgefuehrt.";Ist das Artefakt produktiv, optional, historisch oder nur mitgeliefert?
SRC-APP-0395;edwalt3;PROTOKOL.TXT;PROTOKOL.TXT;TXT;320;2012-12-13T08:46:34.171875Z;Archive;66c217e7a857283d19c24b1221977545004d9ca9394bba4ff5193a6963271f23;Text/ASCII- oder ANSI-nah;;Bericht/Auswertung;Bericht, Auswertung oder lesbare technische Unterlage.;"Metadaten, SHA-256 und Header statisch erfasst; nicht ausgefuehrt.";Wird die Komponente/Funktion heute genutzt und in welchem Prozess?
SRC-APP-0396;edwalt3;READAS31.CNT;READAS31.CNT;CNT;265;2000-04-13T01:11:00Z;Archive;ffb105ef20a362aa903dffd2177548bec8249c1f26f774f52f620282a02cdd36;Text/ASCII- oder ANSI-nah;;Hilfe;Lokale Produkt- oder Laufzeithilfe.;"Metadaten, SHA-256 und Header statisch erfasst; nicht ausgefuehrt.";Ist das Artefakt produktiv, optional, historisch oder nur mitgeliefert?
SRC-APP-0397;edwalt3;READAS31.HLP;READAS31.HLP;HLP;40958;2000-04-13T01:11:00Z;Archive;b6fcfd7651c61bcd4308e3a930ba78010a7e6a9f4974b42b0d1f417e73008225;unbekanntes Binaerformat;;Hilfe;Lokale Produkt- oder Laufzeithilfe.;"Metadaten, SHA-256 und Header statisch erfasst; nicht ausgefuehrt.";Ist das Artefakt produktiv, optional, historisch oder nur mitgeliefert?
SRC-APP-0398;edwalt3;REBUILD.CNT;REBUILD.CNT;CNT;1302;2000-04-13T01:11:00Z;Archive;202d4407b83d652e87350d28a672f1ea228d8024062c5d3fe7ac60bea5b7d5de;Text/ASCII- oder ANSI-nah;;Hilfe;Lokale Produkt- oder Laufzeithilfe.;"Metadaten, SHA-256 und Header statisch erfasst; nicht ausgefuehrt.";Ist das Artefakt produktiv, optional, historisch oder nur mitgeliefert?
SRC-APP-0399;edwalt3;REBUILD.EXE;REBUILD.EXE;EXE;786432;2000-04-13T01:11:00Z;Archive;46286ce03abe5ffd54a413d3c36a02836a67e3bd9a58b72e726bf7b17c33cd9c;PE/Windows-Programmdatei;;Wartungswerkzeug;"Wartungs-, Installations- oder Reorganisationsartefakt; nie ausgefuehrt.";"Metadaten, SHA-256 und Header statisch erfasst; nicht ausgefuehrt.";Ist das Artefakt produktiv, optional, historisch oder nur mitgeliefert?
SRC-APP-0400;edwalt3;REBUILD.HLP;REBUILD.HLP;HLP;53110;2000-04-13T01:11:00Z;Archive;9374feb7dc7444daedf2b6f793455ef02e7b432e9f1f0909e49ac6e1a421ef71;unbekanntes Binaerformat;;Hilfe;Lokale Produkt- oder Laufzeithilfe.;"Metadaten, SHA-256 und Header statisch erfasst; nicht ausgefuehrt.";Ist das Artefakt produktiv, optional, historisch oder nur mitgeliefert?
SRC-APP-0401;edwalt3;RebuildW.exe;RebuildW.exe;EXE;2057216;2004-07-23T10:03:40Z;Archive;ac2ced260421e69fcb928623fe39037c14ec13bb19569fdf6bc9d8ab8e12f996;PE/Windows-Programmdatei;;Wartungswerkzeug;"Wartungs-, Installations- oder Reorganisationsartefakt; nie ausgefuehrt.";"Metadaten, SHA-256 und Header statisch erfasst; nicht ausgefuehrt.";Ist das Artefakt produktiv, optional, historisch oder nur mitgeliefert?
SRC-APP-0402;edwalt3;Release3.20.doc;Release3.20.doc;DOC;223744;2006-03-15T08:06:36Z;Archive;50a2a7b09174aae0ef3b7e78466b8ac65b2ad90e1c63449ca48b9894bcbc0921;OLE-Compound-Document;;Releasehinweis;Versions- und Aenderungshinweise.;"OLE-Container passiv untersucht; zugehoeriges PDF vollstaendig lokal gerendert; Inhalt nur zusammengefasst.";Ist das Artefakt produktiv, optional, historisch oder nur mitgeliefert?
SRC-APP-0403;edwalt3;Release3.20.pdf;Release3.20.pdf;PDF;1190744;2006-03-15T08:08:32Z;Archive;4a27b2439582fb8460ebab5781e4ac207e3ead3a4acc38957d21b4e631cdeaf7;PDF;;Releasehinweis;Versions- und Aenderungshinweise.;"PDF vollstaendig lokal extrahiert, gerendert und visuell geprueft; Inhalt nur zusammengefasst.";Ist das Artefakt produktiv, optional, historisch oder nur mitgeliefert?
SRC-APP-0404;edwalt3;Release3.30.doc;Release3.30.doc;DOC;35328;2007-06-27T14:47:50Z;Archive;f1c26d0a6773dbd1f3357d06fcf4b25d08e741f4245210d968d50ac8b516bc10;OLE-Compound-Document;;Releasehinweis;Versions- und Aenderungshinweise.;"OLE-Container passiv untersucht; zugehoeriges PDF vollstaendig lokal gerendert; Inhalt nur zusammengefasst.";Ist das Artefakt produktiv, optional, historisch oder nur mitgeliefert?
SRC-APP-0405;edwalt3;Release3.30.pdf;Release3.30.pdf;PDF;296602;2007-06-27T14:48:21Z;Archive;eabd22e486cacd4ceb505d06fa7118b9d8943d8e0bf755d82143454a57b33989;PDF;;Releasehinweis;Versions- und Aenderungshinweise.;"PDF vollstaendig lokal extrahiert, gerendert und visuell geprueft; Inhalt nur zusammengefasst.";Ist das Artefakt produktiv, optional, historisch oder nur mitgeliefert?
SRC-APP-0406;edwalt3;REORG.BAT;REORG.BAT;BAT;2339;2003-03-28T12:37:36Z;Archive;7a31cddb77ee4e31903bb450bcbd06c965fad1b2312b8c05666f7a92d4cce19a;Text/ASCII- oder ANSI-nah;;Wartungswerkzeug;"Wartungs-, Installations- oder Reorganisationsartefakt; nie ausgefuehrt.";"Metadaten, SHA-256 und Header statisch erfasst; nicht ausgefuehrt.";Ist das Artefakt produktiv, optional, historisch oder nur mitgeliefert?
SRC-APP-0407;edwalt3;REORG_W.BAT;REORG_W.BAT;BAT;3674;2003-03-28T12:42:02Z;Archive;7731bd9d6decbf40c0a6b74c8f4ffa9e201eb5d4ed98caf6e3d4bfc3bc64aab0;Text/ASCII- oder ANSI-nah;;Wartungswerkzeug;"Wartungs-, Installations- oder Reorganisationsartefakt; nie ausgefuehrt.";"Metadaten, SHA-256 und Header statisch erfasst; nicht ausgefuehrt.";Ist das Artefakt produktiv, optional, historisch oder nur mitgeliefert?
SRC-APP-0408;edwalt3;SETUP.BMP;SETUP.BMP;BMP;122934;2000-04-12T23:11:00Z;Archive;e0194f7f36434c628ef88e2f6cb1c4bc13f749797aef006c53906e6348bfb937;BMP;;Screenshot;"Hilfebild oder UI-Grafik; nur lokal geprueft, nicht uebernommen.";"Metadaten und Header erfasst; nicht ausgefuehrt und nicht in Git uebernommen; visuelle/fachliche Zuordnung offen.";Ist das Artefakt produktiv, optional, historisch oder nur mitgeliefert?
SRC-APP-0409;edwalt3;SETUP.EXE;SETUP.EXE;EXE;44608;2000-04-13T01:11:00Z;Archive;84ec83d15cd0fb309293ed19d37041bd603e8336073fa24dfcca6874fdb1ffdf;PE/Windows-Programmdatei;;Wartungswerkzeug;"Wartungs-, Installations- oder Reorganisationsartefakt; nie ausgefuehrt.";"Metadaten, SHA-256 und Header statisch erfasst; nicht ausgefuehrt.";Ist das Artefakt produktiv, optional, historisch oder nur mitgeliefert?
SRC-APP-0410;edwalt3;SETUP.INI;SETUP.INI;INI;107;2000-04-13T01:11:00Z;Archive;eb58a28063c4aeeb72229848b91dc8dad851bbdff4954832503ae217dbdff106;Text/ASCII- oder ANSI-nah;;Konfiguration;"Betriebs-, Funktions- oder Drucksteuerung; Werte werden nicht offengelegt.";"Metadaten, SHA-256 und Header statisch erfasst; nicht ausgefuehrt.";"Welche Schluessel sind produktiv relevant; welche Werte duerfen spaeter migriert werden?"
SRC-APP-0411;edwalt3;SETUP.INS;SETUP.INS;INS;92480;2000-04-13T01:11:00Z;Archive;399a094381001eb081c2013ac8f2a2cb88a09ac340bf726ed977af6c9952a23c;unbekanntes Binaerformat;;Wartungswerkzeug;"Wartungs-, Installations- oder Reorganisationsartefakt; nie ausgefuehrt.";"Metadaten, SHA-256 und Header statisch erfasst; nicht ausgefuehrt.";Ist das Artefakt produktiv, optional, historisch oder nur mitgeliefert?
SRC-APP-0412;edwalt3;SETUP.ISS;SETUP.ISS;ISS;524;2000-04-13T01:11:00Z;Archive;1486f57cdc115092880201492d1d1e9af76084b4eb0b496a8a927801e2cd05c9;Text/ASCII- oder ANSI-nah;;Wartungswerkzeug;"Wartungs-, Installations- oder Reorganisationsartefakt; nie ausgefuehrt.";"Metadaten, SHA-256 und Header statisch erfasst; nicht ausgefuehrt.";Ist das Artefakt produktiv, optional, historisch oder nur mitgeliefert?
SRC-APP-0413;edwalt3;SFL.TMP;SFL.TMP;TMP;568;2010-10-12T11:39:59.750000Z;Archive;624b510ff919ef91d4d9a63a0121047e2b1b866517bbffca23cd2f7caa763093;Text/ASCII- oder ANSI-nah;;Protokoll;"Betriebs-, Fehler- oder temporaeres Artefakt; keine Rohinhalte dokumentiert.";"Metadaten, SHA-256 und Header statisch erfasst; nicht ausgefuehrt.";Ist das Artefakt produktiv, optional, historisch oder nur mitgeliefert?
SRC-APP-0414;edwalt3;SGL.TMP;SGL.TMP;TMP;17108;2005-01-19T11:33:20Z;Archive;2a0d5e9b9ab74da691f9c3f697f88ab16a5c20519b9ffd7935f726ed8114a874;unbekanntes Binaerformat;;Protokoll;"Betriebs-, Fehler- oder temporaeres Artefakt; keine Rohinhalte dokumentiert.";"Metadaten, SHA-256 und Header statisch erfasst; nicht ausgefuehrt.";Ist das Artefakt produktiv, optional, historisch oder nur mitgeliefert?
SRC-APP-0415;edwalt3;SOLL.TMP;SOLL.TMP;TMP;151261;2005-01-19T11:35:48Z;Archive;015171e93cde3ecc8a4766a36af5973b3d86d51a69bd467182d1217e1d580f0e;unbekanntes Binaerformat;;Protokoll;"Betriebs-, Fehler- oder temporaeres Artefakt; keine Rohinhalte dokumentiert.";"Metadaten, SHA-256 und Header statisch erfasst; nicht ausgefuehrt.";Ist das Artefakt produktiv, optional, historisch oder nur mitgeliefert?
SRC-APP-0416;edwalt3;SSTATE.GNT;SSTATE.GNT;GNT;8380;2000-04-13T01:11:00Z;Archive;7813d6dcb45363b9787ecbfd699a47e4fb993f834bf345695b5c35cfad272f7e;unbekanntes Binaerformat;;Fachmodul;"Moegliche Fach- oder Zusatzfunktion; Aufgabe anhand weiterer Evidenz zu klaeren.";"Metadaten, SHA-256 und Header statisch erfasst; nicht ausgefuehrt.";Wird die Komponente/Funktion heute genutzt und in welchem Prozess?
SRC-APP-0417;edwalt3;STAMM.DLL;STAMM.DLL;DLL;290816;2007-06-27T12:12:06Z;Archive;ee615ca1a3839f2adb734cbc7cf3842e1c81b60ef5f5df65c0f9f9be9039cd47;PE/Windows-Programmdatei;;Fachmodul;"Moegliche Fach- oder Zusatzfunktion; Aufgabe anhand weiterer Evidenz zu klaeren.";"Metadaten, SHA-256 und Header statisch erfasst; nicht ausgefuehrt.";Wird die Komponente/Funktion heute genutzt und in welchem Prozess?
SRC-APP-0418;edwalt3;STAMM.GS;STAMM.GS;GS;285568;2004-09-09T17:04:28Z;Archive;c7371026ca3eeb091f89fec11b2f7fe006de8ea098db9e683b649c687bb47390;unbekanntes Binaerformat;;Fachmodul;"Moegliche Fach- oder Zusatzfunktion; Aufgabe anhand weiterer Evidenz zu klaeren.";"Metadaten, SHA-256 und Header statisch erfasst; nicht ausgefuehrt.";Wird die Komponente/Funktion heute genutzt und in welchem Prozess?
SRC-APP-0419;edwalt3;STAT.TMP;STAT.TMP;TMP;2906;2007-01-09T07:58:22.750000Z;Archive;cff0e7779f164436270ed58ee2d1ce4a443c53d2e0b09c99a03b0c3bf5db971d;Text/ASCII- oder ANSI-nah;;Protokoll;"Betriebs-, Fehler- oder temporaeres Artefakt; keine Rohinhalte dokumentiert.";"Metadaten, SHA-256 und Header statisch erfasst; nicht ausgefuehrt.";Ist das Artefakt produktiv, optional, historisch oder nur mitgeliefert?
SRC-APP-0420;edwalt3;STATIST.TXT;STATIST.TXT;TXT;54207;2007-01-09T07:58:22.750000Z;Archive;500d62d104c3b4261dbc370cf044bc7f4a60a2a00b3f04f4fa83d4e4f711e29e;Text/ASCII- oder ANSI-nah;;Bericht/Auswertung;Bericht, Auswertung oder lesbare technische Unterlage.;"Metadaten, SHA-256 und Header statisch erfasst; nicht ausgefuehrt.";Wird die Komponente/Funktion heute genutzt und in welchem Prozess?
SRC-APP-0421;edwalt3;STATUS_1.GS;STATUS_1.GS;GS;12032;2003-02-20T15:06:34Z;Archive;0cf521aa7218b0a357af6d691105a99725dafead9d4f2077e042f78ad140f507;unbekanntes Binaerformat;;Fachmodul;"Moegliche Fach- oder Zusatzfunktion; Aufgabe anhand weiterer Evidenz zu klaeren.";"Metadaten, SHA-256 und Header statisch erfasst; nicht ausgefuehrt.";Wird die Komponente/Funktion heute genutzt und in welchem Prozess?
SRC-APP-0422;edwalt3;STATUS~1.GS;STATUS~1.GS;GS;12032;2003-02-20T15:06:34Z;Archive;0cf521aa7218b0a357af6d691105a99725dafead9d4f2077e042f78ad140f507;unbekanntes Binaerformat;;Fachmodul;"Moegliche Fach- oder Zusatzfunktion; Aufgabe anhand weiterer Evidenz zu klaeren.";"Metadaten, SHA-256 und Header statisch erfasst; nicht ausgefuehrt.";Wird die Komponente/Funktion heute genutzt und in welchem Prozess?
SRC-APP-0423;edwalt3;STRASSE.BMP;STRASSE.BMP;BMP;1518;1996-03-12T15:37:00Z;Archive;8405155c8d312b07c72bffe435bde763fe01711428ff2d4d3244dd6b32c810d9;BMP;;Screenshot;"Hilfebild oder UI-Grafik; nur lokal geprueft, nicht uebernommen.";"Metadaten und Header erfasst; nicht ausgefuehrt und nicht in Git uebernommen; visuelle/fachliche Zuordnung offen.";Ist das Artefakt produktiv, optional, historisch oder nur mitgeliefert?
SRC-APP-0424;edwalt3;STRASSE.ICO;STRASSE.ICO;ICO;766;1996-03-12T15:36:00Z;Archive;2dc9e375548ea4df83ef003b85a8511e2550bc971238593c689cb61903f67773;Windows-Icon/Cursor;;Screenshot;"Hilfebild oder UI-Grafik; nur lokal geprueft, nicht uebernommen.";"Metadaten und Header erfasst; nicht ausgefuehrt und nicht in Git uebernommen; visuelle/fachliche Zuordnung offen.";Ist das Artefakt produktiv, optional, historisch oder nur mitgeliefert?
SRC-APP-0425;edwalt3;TE.DLL;TE.DLL;DLL;397312;2007-06-27T12:12:18Z;Archive;3ace6032e2824933c5c0330ffb0cf4ea673eac1423a4d5ab7fdda7716c58e449;PE/Windows-Programmdatei;;Fachmodul;"Moegliche Fach- oder Zusatzfunktion; Aufgabe anhand weiterer Evidenz zu klaeren.";"Metadaten, SHA-256 und Header statisch erfasst; nicht ausgefuehrt.";Wird die Komponente/Funktion heute genutzt und in welchem Prozess?
SRC-APP-0426;edwalt3;TE.GS;TE.GS;GS;203904;2003-04-04T17:04:44Z;Archive;b0a67976e87a14061f19d0f3039ff234f6add5585a29e20598d1607a42425bff;unbekanntes Binaerformat;;Fachmodul;"Moegliche Fach- oder Zusatzfunktion; Aufgabe anhand weiterer Evidenz zu klaeren.";"Metadaten, SHA-256 und Header statisch erfasst; nicht ausgefuehrt.";Wird die Komponente/Funktion heute genutzt und in welchem Prozess?
SRC-APP-0427;edwalt3;TEKOELN.DLL;TEKOELN.DLL;DLL;397312;2007-06-27T12:12:20Z;Archive;52b8cf013d8d5bf063d08bb2608e058c9b3c174a0cf03111c0fb4a02c577b8ad;PE/Windows-Programmdatei;;Fachmodul;"Moegliche Fach- oder Zusatzfunktion; Aufgabe anhand weiterer Evidenz zu klaeren.";"Metadaten, SHA-256 und Header statisch erfasst; nicht ausgefuehrt.";Wird die Komponente/Funktion heute genutzt und in welchem Prozess?
SRC-APP-0428;edwalt3;TEKOELN.GS;TEKOELN.GS;GS;235136;2004-07-10T17:37:02Z;Archive;faaa132a57caf8ec63f3517ae01b7efdbc13d146717a8a0ff4db0ead92564f84;unbekanntes Binaerformat;;Fachmodul;"Moegliche Fach- oder Zusatzfunktion; Aufgabe anhand weiterer Evidenz zu klaeren.";"Metadaten, SHA-256 und Header statisch erfasst; nicht ausgefuehrt.";Wird die Komponente/Funktion heute genutzt und in welchem Prozess?
SRC-APP-0429;edwalt3;TERMIN.BMP;TERMIN.BMP;BMP;630;1995-03-08T12:19:00Z;Archive;6a3b995d780c516c95915023dbd197647735dd5f78e62b5187567dfd786d7755;BMP;;Screenshot;"Hilfebild oder UI-Grafik; nur lokal geprueft, nicht uebernommen.";"Metadaten und Header erfasst; nicht ausgefuehrt und nicht in Git uebernommen; visuelle/fachliche Zuordnung offen.";Ist das Artefakt produktiv, optional, historisch oder nur mitgeliefert?
SRC-APP-0430;edwalt3;TERMIN.ICO;TERMIN.ICO;ICO;766;1995-03-08T13:09:00Z;Archive;f0978d017f25a02b0ec82aa93e9705a9864420835824732b19080368f0169f9e;Windows-Icon/Cursor;;Screenshot;"Hilfebild oder UI-Grafik; nur lokal geprueft, nicht uebernommen.";"Metadaten und Header erfasst; nicht ausgefuehrt und nicht in Git uebernommen; visuelle/fachliche Zuordnung offen.";Ist das Artefakt produktiv, optional, historisch oder nur mitgeliefert?
SRC-APP-0431;edwalt3;TERMIN50.BMP;TERMIN50.BMP;BMP;1658;1995-03-08T15:15:00Z;Archive;1649cc716189f28295574b011fb1e2b9b587ee88ac525fab8dd5c5bf74e77753;BMP;;Screenshot;"Hilfebild oder UI-Grafik; nur lokal geprueft, nicht uebernommen.";"Metadaten und Header erfasst; nicht ausgefuehrt und nicht in Git uebernommen; visuelle/fachliche Zuordnung offen.";Ist das Artefakt produktiv, optional, historisch oder nur mitgeliefert?
SRC-APP-0432;edwalt3;TERMIN51.BMP;TERMIN51.BMP;BMP;1658;1995-03-08T15:26:00Z;Archive;cf41f6f07e4a79a22ec31d95578fc04bd397f1d106fffeb04ff8095e606dcc64;BMP;;Screenshot;"Hilfebild oder UI-Grafik; nur lokal geprueft, nicht uebernommen.";"Metadaten und Header erfasst; nicht ausgefuehrt und nicht in Git uebernommen; visuelle/fachliche Zuordnung offen.";Ist das Artefakt produktiv, optional, historisch oder nur mitgeliefert?
SRC-APP-0433;edwalt3;TESBar.dll;TESBar.dll;DLL;32768;2007-06-27T12:12:54Z;Archive;8e14a026860e7a60d385982893dda4902a84062b5fc5808e06e6e3c2b4be77b9;PE/Windows-Programmdatei;;Fachmodul;"Moegliche Fach- oder Zusatzfunktion; Aufgabe anhand weiterer Evidenz zu klaeren.";"Metadaten, SHA-256 und Header statisch erfasst; nicht ausgefuehrt.";Wird die Komponente/Funktion heute genutzt und in welchem Prozess?
SRC-APP-0434;edwalt3;TEST1.BMP;TEST1.BMP;BMP;630;1994-11-16T16:48:02Z;Archive;0392c3e9b53f3b59ad5db75f39bdb89d74686e0a653d9f58753c2a7603e89efa;BMP;;Screenshot;"Hilfebild oder UI-Grafik; nur lokal geprueft, nicht uebernommen.";"Metadaten und Header erfasst; nicht ausgefuehrt und nicht in Git uebernommen; visuelle/fachliche Zuordnung offen.";Ist das Artefakt produktiv, optional, historisch oder nur mitgeliefert?
SRC-APP-0435;edwalt3;Thumbs.db;Thumbs.db;DB;6144;2024-03-05T16:00:24.245000Z;"Hidden; System; Archive";f1c374b5b0060ae6567b67c054983e8d71865f32d2a86f134158ad8fc6d0c850;OLE-Compound-Document;;unbekannt;Funktion oder Format noch nicht sicher bestimmbar.;"Metadaten, SHA-256 und Header statisch erfasst; nicht ausgefuehrt.";Wie sind Format und Aufgabe ohne schreibenden Zugriff sicher zu bestaetigen?
SRC-APP-0436;edwalt3;TRANSFEW.BMP;TRANSFEW.BMP;BMP;1686;1995-09-19T15:29:00Z;Archive;bc9aaab7661201f88c4bf2cbac18fb1898f42adfb77f99a57b3154d0aa551775;BMP;;Screenshot;"Hilfebild oder UI-Grafik; nur lokal geprueft, nicht uebernommen.";"Metadaten und Header erfasst; nicht ausgefuehrt und nicht in Git uebernommen; visuelle/fachliche Zuordnung offen.";Ist das Artefakt produktiv, optional, historisch oder nur mitgeliefert?
SRC-APP-0437;edwalt3;TRANSFEW.ICO;TRANSFEW.ICO;ICO;766;1994-03-29T23:20:00Z;Archive;2bfc16f7733a49b747e9e5d5780a843a563e9b4484f83e38cd7b961f27280d27;Windows-Icon/Cursor;;Screenshot;"Hilfebild oder UI-Grafik; nur lokal geprueft, nicht uebernommen.";"Metadaten und Header erfasst; nicht ausgefuehrt und nicht in Git uebernommen; visuelle/fachliche Zuordnung offen.";Ist das Artefakt produktiv, optional, historisch oder nur mitgeliefert?
SRC-APP-0438;edwalt3;UTILS.LBR;UTILS.LBR;LBR;763008;2000-04-13T01:11:00Z;Archive;a9b7fa6576309ed7c33b0b056a50c5c99871092658a1d6aed7be9df6977abb7d;unbekanntes Binaerformat;;Fachmodul;"Moegliche Fach- oder Zusatzfunktion; Aufgabe anhand weiterer Evidenz zu klaeren.";"Metadaten, SHA-256 und Header statisch erfasst; nicht ausgefuehrt.";Wird die Komponente/Funktion heute genutzt und in welchem Prozess?
SRC-APP-0439;edwalt3;VIEW.DLL;VIEW.DLL;DLL;294912;2007-06-27T12:12:10Z;Archive;22bd487ff38482d43473259d4afecfb3d3d4e26096d4f3fd33ea849d7820a6f0;PE/Windows-Programmdatei;;Bericht/Auswertung;Bericht, Auswertung oder lesbare technische Unterlage.;"Metadaten, SHA-256 und Header statisch erfasst; nicht ausgefuehrt.";Wird die Komponente/Funktion heute genutzt und in welchem Prozess?
SRC-APP-0440;edwalt3;VIEW.GS;VIEW.GS;GS;35456;2005-02-26T12:25:48Z;Archive;59f5b2753b0dd783225b3d0d04c49d4a77b86ccb9832c105ea75e68648162ef6;unbekanntes Binaerformat;;Bericht/Auswertung;Bericht, Auswertung oder lesbare technische Unterlage.;"Metadaten, SHA-256 und Header statisch erfasst; nicht ausgefuehrt.";Wird die Komponente/Funktion heute genutzt und in welchem Prozess?
SRC-APP-0441;edwalt3;VISREMOT.DLL;VISREMOT.DLL;DLL;49204;2000-04-13T01:11:00Z;Archive;8647fd9ff73681f97e7083e673c2da49960583d53af6bb582a0c042a4ee2778e;PE/Windows-Programmdatei;;Fachmodul;"Moegliche Fach- oder Zusatzfunktion; Aufgabe anhand weiterer Evidenz zu klaeren.";"Metadaten, SHA-256 und Header statisch erfasst; nicht ausgefuehrt.";Wird die Komponente/Funktion heute genutzt und in welchem Prozess?
SRC-APP-0442;edwalt3;VL.TMP;VL.TMP;TMP;907;2008-09-23T09:21:28.774000Z;Archive;4b5324972015aa13bfa33eea3f02bae7f2d2ae735eee51ae7156940e5e8bb027;Text/ASCII- oder ANSI-nah;;Protokoll;"Betriebs-, Fehler- oder temporaeres Artefakt; keine Rohinhalte dokumentiert.";"Metadaten, SHA-256 und Header statisch erfasst; nicht ausgefuehrt.";Ist das Artefakt produktiv, optional, historisch oder nur mitgeliefert?
SRC-APP-0443;edwalt3;W002.DAT;W002.DAT;DAT;4928;2026-01-05T14:58:20.386918Z;Archive;522640b35091d24b3a20fedd18db2af3fdab3f9123fbbc98319c5fa33b54bfc9;unbekanntes Binaerformat;W002.IDX;Daten;"Moeglicher fachlicher Datenbestand; Inhalte wurden nicht exportiert.";"Metadaten, SHA-256 und Header erfasst; keine Datensaetze exportiert, kein Index geoeffnet oder repariert.";Welche fachliche Bedeutung, Schluessel und Aufbewahrungsregeln gelten?
SRC-APP-0444;edwalt3;W002.IDX;W002.IDX;IDX;4096;2026-01-05T14:58:20.386918Z;Archive;256644c07fe2a5c31f71dbe59744640d4312c36dd928a0753a7538d7bb8cd04f;unbekanntes Binaerformat;W002.DAT;Index;"Partnerindex zu einem Datenbestand; nicht geoeffnet oder repariert.";"Metadaten, SHA-256 und Header erfasst; keine Datensaetze exportiert, kein Index geoeffnet oder repariert.";Welche fachliche Bedeutung, Schluessel und Aufbewahrungsregeln gelten?
SRC-APP-0445;edwalt3;WINCALC.CUR;WINCALC.CUR;CUR;326;1995-12-10T18:44:00Z;Archive;9b8bbb15a9b9b557042a350f8602f312ee15d883f314e3f3fb414484c059bd0a;Windows-Icon/Cursor;;Screenshot;"Hilfebild oder UI-Grafik; nur lokal geprueft, nicht uebernommen.";"Metadaten und Header erfasst; nicht ausgefuehrt und nicht in Git uebernommen; visuelle/fachliche Zuordnung offen.";Ist das Artefakt produktiv, optional, historisch oder nur mitgeliefert?
SRC-APP-0446;edwalt3;XFH2BTR.GNT;XFH2BTR.GNT;GNT;61807;2000-04-13T01:11:00Z;Archive;e3926b758e646c65ba41486d5fe825c1c9792314f3426a3d92764d93a6aa3a61;unbekanntes Binaerformat;;Fachmodul;"Moegliche Fach- oder Zusatzfunktion; Aufgabe anhand weiterer Evidenz zu klaeren.";"Metadaten, SHA-256 und Header statisch erfasst; nicht ausgefuehrt.";Wird die Komponente/Funktion heute genutzt und in welchem Prozess?
SRC-APP-0447;edwalt3;ZIP2EXE.EXE;ZIP2EXE.EXE;EXE;27319;1993-01-31T23:04:16Z;Archive;32e35eab13daccd0145917a959416d0676c29a63c52940ee732d858883845104;PE/Windows-Programmdatei;;Wartungswerkzeug;"Wartungs-, Installations- oder Reorganisationsartefakt; nie ausgefuehrt.";"Metadaten, SHA-256 und Header statisch erfasst; nicht ausgefuehrt.";Ist das Artefakt produktiv, optional, historisch oder nur mitgeliefert?
